Video_Title,Video_ID,Comment_ID,User_ID,User_Name,Content,Timestamp,Likes,Is_Reply,Sentiment_Score,Sentiment_Category
12強奪冠一周年！成為世界冠軍的那一天！【重新剪輯版】,OAnBZNe4FG0,UgxLyTOeqISVdGWhRHd4AaABAg,UCWAgfxHuoVWm4rmqYwoKvlw,@tainanjosh,特別挑今天再拿出來水一次…沒想到下午遇到更水的😂,2 天前,2165,False,0.4584915087847169,Neutral
12強奪冠一周年！成為世界冠軍的那一天！【重新剪輯版】,OAnBZNe4FG0,Ugz1NxykkH2MeV-Q3Mh4AaABAg,UC63NrDBun6Np7lJIyl4mStQ,@ansenhou6224,再看一次還是很欣賞日本球迷的風度,8 小時前,0,False,0.9861106348940379,Positive
12強奪冠一周年！成為世界冠軍的那一天！【重新剪輯版】,OAnBZNe4FG0,UgyV_lZRkaB-JvWxfrx4AaABAg,UCqK4S2tkBd33s0TI4-Ygvww,@winny801014,看了還是想哭正常嗎😂😊,18 小時前,1,False,0.5558339338949347,Neutral
12強奪冠一周年！成為世界冠軍的那一天！【重新剪輯版】,OAnBZNe4FG0,UgyJ7F1wUCbuZ1oHmyl4AaABAg,UCqJg2BxthOZkZiP71dA14WQ,@hsiul7630,過了一年還是好感動呀！,18 小時前,1,False,0.7603905846056054,Positive
12強奪冠一周年！成為世界冠軍的那一天！【重新剪輯版】,OAnBZNe4FG0,UgwNgsX9Cq1cJapM8594AaABAg,UCLN8876jRrEmxIFq1mfwuag,@brabus88,雖然有段時間也知道結果了，跟著反指標一起掉淚正常嗎。。。,18 小時前,0,False,0.013889388184286977,Negative
12強奪冠一周年！成為世界冠軍的那一天！【重新剪輯版】,OAnBZNe4FG0,UgxMd-vJM5eV1h9qZl14AaABAg,UClI2pHcnk2ljHlAZD_CxFQA,@jimmytsai1555,再看一次還是很感動,21 小時前,0,False,0.8312957448312969,Positive
12強奪冠一周年！成為世界冠軍的那一天！【重新剪輯版】,OAnBZNe4FG0,UgzDCDf0_AmRR0ErVD14AaABAg,UC1_i9mvDRfIVg4zdrDZYymg,@pili950618,日本人的風度真的太驚人了 可以這麼溫暖的說恭喜 Respect ! Team Taiwan No.1❤,21 小時前,0,False,0.5408690990375146,Neutral
12強奪冠一周年！成為世界冠軍的那一天！【重新剪輯版】,OAnBZNe4FG0,UgwqUkEohOXAwLWY4Px4AaABAg,UC0JLObRQrLhtIR5QxYGsXCQ,@黃昱豪-h4f,依舊感動🥲🥲🥲,21 小時前,0,False,0.7450411242938271,Positive
12強奪冠一周年！成為世界冠軍的那一天！【重新剪輯版】,OAnBZNe4FG0,UgwODamcuL2SAjmR04N4AaABAg,UC_gPtNP3kH6l-eDlqXB6Y9Q,@evahou2429,"明明知道這個劇情，
依舊跟著緊張了20幾分鐘！",1 天前,1,False,0.8507985037023736,Positive
12強奪冠一周年！成為世界冠軍的那一天！【重新剪輯版】,OAnBZNe4FG0,UgyrA-ciVnV7Om6BVUJ4AaABAg,UCAycdYTqv26QZkANmi9PP5g,@xiaoyu254,有人知道嬙姐的ig嘛？,1 天前,2,False,0.5020084015608197,Neutral
12強奪冠一周年！成為世界冠軍的那一天！【重新剪輯版】,OAnBZNe4FG0,UgyPKWIO2R4z7xz4YxJ4AaABAg,UCffVr28Hnq9N_bvQIMIY-tw,@0xjameslee,12嬙週年紀念日？,1 天前,1,False,0.2638740250143914,Negative
12強奪冠一周年！成為世界冠軍的那一天！【重新剪輯版】,OAnBZNe4FG0,UgwMB3fDBwHnTbBAYVN4AaABAg,UCY52qYCgxMBeTpk0uU86gzQ,@吳小宇Tw,12嬙 冠軍梔路,1 天前,3,False,0.1678473936964462,Negative
12強奪冠一周年！成為世界冠軍的那一天！【重新剪輯版】,OAnBZNe4FG0,UgxirfTfgLWkgNHkW3d4AaABAg,UC1x98mF8QjGIVIbSfUxukmw,@jackyliao5308,眼淚又不爭氣的流了下來,1 天前,1,False,0.17468689491496991,Negative
12強奪冠一周年！成為世界冠軍的那一天！【重新剪輯版】,OAnBZNe4FG0,UgxXUhGi8kRPceDd3lZ4AaABAg,UC0T0KUBczKtpgBr5cdeUPVw,@ryosuke6244,解鈴還需繫鈴人，戶鄉想不到的是，這鈴再給你繫好幾個上去。,1 天前,0,False,0.16674046441692814,Negative
12強奪冠一周年！成為世界冠軍的那一天！【重新剪輯版】,OAnBZNe4FG0,UgxTCz_ODikcs-gF5lV4AaABAg,UCSDs8KPnQfLD-np8q-unJMw,@q430282356,認真說日本人後面那個恭喜 看兩次還是覺得很感動,1 天前,0,False,0.4233963739780572,Neutral
12強奪冠一周年！成為世界冠軍的那一天！【重新剪輯版】,OAnBZNe4FG0,UgwMonfX4sK4mP7Ouy14AaABAg,UCBKBXQSBAAU-QrHNHrnOH2w,@俞祥富,我忽然想到這樣會不會再次“戶鄉”傷害呀😂😂😂😂,1 天前,0,False,0.0052370124059164525,Negative
12強奪冠一周年！成為世界冠軍的那一天！【重新剪輯版】,OAnBZNe4FG0,Ugzc93j_znHrBvdYnvp4AaABAg,UCO04Qb_p314NMYLH36KYyeA,@meloboy_183,"已經ㄧ週年了不管看幾次還是很感動欸👍比賽結束後日本球迷也很有風度的說恭喜，看到這裡你怎麼能不愛棒球…🥹



最後的最後戶鄉ㄧ定想說：這一年來被你們追殺的還不夠慘嗎…🤣",1 天前,0,False,0.04396499712366042,Negative
12強奪冠一周年！成為世界冠軍的那一天！【重新剪輯版】,OAnBZNe4FG0,UgxK5mE39BXHL25S_pl4AaABAg,UCw9ivYW0Nby6yp8jppizHJw,@fedy0712,有嬙姐就給讚!,1 天前,1,False,0.2548769679185693,Negative
12強奪冠一周年！成為世界冠軍的那一天！【重新剪輯版】,OAnBZNe4FG0,UgxKH7R5u_S2rQg1D7h4AaABAg,UC1E5FytWAeWh9gh-GMX5x2g,@rody2178,為什麼讓我在火車上再哭一次,1 天前,0,False,0.32559021545995637,Negative
12強奪冠一周年！成為世界冠軍的那一天！【重新剪輯版】,OAnBZNe4FG0,UgwA14y2Lbqou31No794AaABAg,UCzJSlcrccnNm2zZHN6tTMbQ,@Steve-ft8ux,"尿急憋壞 一周年紀念
之前那片 200多萬人次知道沒去上廁所
不知這片 多少人知道
過了1年多了....我想知道...到底上到廁所沒？",1 天前,0,False,2.781419971120691e-06,Negative
12強奪冠一周年！成為世界冠軍的那一天！【重新剪輯版】,OAnBZNe4FG0,UgxLyTOeqISVdGWhRHd4AaABAg.APuM8idejATAPuMM6FkY-d,UCKnMBIYeg8tUioM1M0_i8Ww,@ming7226,太臭了:_HIHIJOSH單字笑::_HIHIJOSH單字死:,2 天前,104,True,0.03361928058186936,Negative
12強奪冠一周年！成為世界冠軍的那一天！【重新剪輯版】,OAnBZNe4FG0,UgxLyTOeqISVdGWhRHd4AaABAg.APuM8idejATAPuMeFNBs-0,UCQdtYZJzrcX6GcwykNL_uqQ,@tu-oy7il,就說你是吱黑😂,2 天前,1,True,0.32941537389478803,Negative
12強奪冠一周年！成為世界冠軍的那一天！【重新剪輯版】,OAnBZNe4FG0,UgxLyTOeqISVdGWhRHd4AaABAg.APuM8idejATAPuMjjZZJB5,UCfAVt7LjCD3zH14SBxgit7g,@chihosu6950,下午的完美詮譯了 什麼叫做 脫褲子放屁啊！,2 天前,0,True,0.6657759224750035,Positive
12強奪冠一周年！成為世界冠軍的那一天！【重新剪輯版】,OAnBZNe4FG0,UgxLyTOeqISVdGWhRHd4AaABAg.APuM8idejATAPuMyXUcUsK,UCAub4KH6KMNZQnMGPwsru3A,@30x266s,"原來水不水具相對性，不是絕對性的。
Josh自以為水，你怎麼那麼自大😂😂😂",2 天前,62,True,0.026476141999878577,Negative
12強奪冠一周年！成為世界冠軍的那一天！【重新剪輯版】,OAnBZNe4FG0,UgxLyTOeqISVdGWhRHd4AaABAg.APuM8idejATAPuN8b7Q_xJ,UCIPGmOLmmCPMLf0Un8RyG5w,@陳廷宥-u1t,Josh 是在臭誰啊，求指點,2 天前 (已編輯),14,True,0.04262542243444545,Negative
12強奪冠一周年！成為世界冠軍的那一天！【重新剪輯版】,OAnBZNe4FG0,UgxLyTOeqISVdGWhRHd4AaABAg.APuM8idejATAPuNk7OeSa-,UCA_zTDTiayWaKLJot7nPZ7w,@KJason-twkr,臭,2 天前,0,True,0.11428571428571432,Negative
12強奪冠一周年！成為世界冠軍的那一天！【重新剪輯版】,OAnBZNe4FG0,UgxLyTOeqISVdGWhRHd4AaABAg.APuM8idejATAPuOENp0b8E,UC-7BE2v1f0P7wkxdFls3L2g,@yang0843,水都水輸這樣不行阿😂,2 天前,32,True,0.004925445486819613,Negative
12強奪冠一周年！成為世界冠軍的那一天！【重新剪輯版】,OAnBZNe4FG0,UgxLyTOeqISVdGWhRHd4AaABAg.APuM8idejATAPuOXkRtoZE,UCmGPXVHrbZfgpJVpwmIxZgA,@Mark-e9x9m,請問是臭誰，我查不到,2 天前,0,True,0.024529947532824337,Negative
12強奪冠一周年！成為世界冠軍的那一天！【重新剪輯版】,OAnBZNe4FG0,UgxLyTOeqISVdGWhRHd4AaABAg.APuM8idejATAPuOdREquhF,UCi5x-QZiMFNCMo-odgt_oTQ,@鄧叮噹讓您買好屋,超臭..,2 天前,0,True,0.10531923505207208,Negative
12強奪冠一周年！成為世界冠軍的那一天！【重新剪輯版】,OAnBZNe4FG0,UgxLyTOeqISVdGWhRHd4AaABAg.APuM8idejATAPuOmqEDS8X,UClC32LPeewylFcIltMk7Gig,@gbb1746,太臭了，你桃不掉了,2 天前,0,True,0.012920715742831379,Negative
12強奪冠一周年！成為世界冠軍的那一天！【重新剪輯版】,OAnBZNe4FG0,UgxLyTOeqISVdGWhRHd4AaABAg.APuM8idejATAPuP0FTfgcf,UCv8PuJOg-qnu_G6W1BRcXbQ,@MDFKKKKK,同求指點,2 天前,0,True,0.3210461366172388,Negative
12強奪冠一周年！成為世界冠軍的那一天！【重新剪輯版】,OAnBZNe4FG0,UgxLyTOeqISVdGWhRHd4AaABAg.APuM8idejATAPuP8GBJxFs,UCQV0tu0jyZMVKOcgVBoh9lw,@BEN-yh6xu,樂天記者會吧!,2 天前,17,True,0.19961375748150956,Negative
12強奪冠一周年！成為世界冠軍的那一天！【重新剪輯版】,OAnBZNe4FG0,UgxLyTOeqISVdGWhRHd4AaABAg.APuM8idejATAPuPM7-Q9-G,UCLsc9kKEynLOPN2m58-k3Wg,@c.joseph4913, @陳廷宥-u1t  樂天.....,2 天前,9,True,0.6256863736732853,Positive
12強奪冠一周年！成為世界冠軍的那一天！【重新剪輯版】,OAnBZNe4FG0,UgxLyTOeqISVdGWhRHd4AaABAg.APuM8idejATAPuPdtuWYW3,UCJEPGbgBXll3ExLWlqVCZUw,@ckksh黃婕妤,國師嗨一下另外19國啊🙏🙏🙏,2 天前,3,True,0.3526276777323246,Negative
12強奪冠一周年！成為世界冠軍的那一天！【重新剪輯版】,OAnBZNe4FG0,UgxLyTOeqISVdGWhRHd4AaABAg.APuM8idejATAPuR5Qf32VJ,UC3BbaGliJui_QrgHqBy6duQ,@CharlesHsu4483,樂天把拔賜流量給你水一集，還不感謝把拔賞飯吃（但這麼水的內容要跟進水一集是不是太難）,2 天前,4,True,0.00022702728938661654,Negative
12強奪冠一周年！成為世界冠軍的那一天！【重新剪輯版】,OAnBZNe4FG0,UgxLyTOeqISVdGWhRHd4AaABAg.APuM8idejATAPuRyor_yva,UC0xOJhlz0TVUjpjO4kCrNLA,@nimabeiwocaole,​ @陳廷宥-u1t 你不是什麼都很清楚嗎,2 天前,3,True,0.8859421410134288,Positive
12強奪冠一周年！成為世界冠軍的那一天！【重新剪輯版】,OAnBZNe4FG0,UgxLyTOeqISVdGWhRHd4AaABAg.APuM8idejATAPuSSCS-MEL,UCOcy9j20nHx7kREwd4A0wqw,@李釧珠,請問樂天到底公佈什麼因為沒有看到任何直播新聞,2 天前,0,True,0.5850857173281481,Neutral
12強奪冠一周年！成為世界冠軍的那一天！【重新剪輯版】,OAnBZNe4FG0,UgxLyTOeqISVdGWhRHd4AaABAg.APuM8idejATAPuSwW2WWQk,UCv_xjHYj0AAPJc8j1DLUffg,@qianaa3722,我懷疑你在臭 但我找不出證據😂,2 天前,0,True,0.007273399656960833,Negative
12強奪冠一周年！成為世界冠軍的那一天！【重新剪輯版】,OAnBZNe4FG0,UgxLyTOeqISVdGWhRHd4AaABAg.APuM8idejATAPuUZvJaxA2,UC2YkRsWsDYNeO0RL2Z2Mfzw,@heh8603, @李釧珠 因為記者會不給直播😂,2 天前,0,True,0.0225994278986269,Negative
12強奪冠一周年！成為世界冠軍的那一天！【重新剪輯版】,OAnBZNe4FG0,UgxLyTOeqISVdGWhRHd4AaABAg.APuM8idejATAPuV2DsPz2f,UCucDFEhnap1iMKKLAQ99LQg,@-gary-2593,懂水，水就會幫助你,2 天前 (已編輯),10,True,0.05452722391598097,Negative
12強奪冠一周年！成為世界冠軍的那一天！【重新剪輯版】,OAnBZNe4FG0,UgxLyTOeqISVdGWhRHd4AaABAg.APuM8idejATAPuVCjE-g8K,UC_fhobgHWsEhzKumjutGtJA,@Neal8888,"以為樂天會賣球隊 
那就太天真了
樂天已經說了不會賣
吱迷真的要認命
無法擺脫樂天",2 天前 (已編輯),10,True,0.0018508144693331063,Negative
12強奪冠一周年！成為世界冠軍的那一天！【重新剪輯版】,OAnBZNe4FG0,UgxLyTOeqISVdGWhRHd4AaABAg.APuM8idejATAPuVhCyT5qg,UC47jhGKc1NRKFBZG2H3jOgQ,@chancewen,可以再剪一集對吧?,2 天前,1,True,0.6129970242255357,Positive
12強奪冠一周年！成為世界冠軍的那一天！【重新剪輯版】,OAnBZNe4FG0,UgxLyTOeqISVdGWhRHd4AaABAg.APuM8idejATAPuWFXTi9yr,UCOcy9j20nHx7kREwd4A0wqw,@李釧珠,​ @heh8603 那請問他們公佈什麼大事啊…可以說一下嗎？,2 天前,0,True,0.21287273448073385,Negative
12強奪冠一周年！成為世界冠軍的那一天！【重新剪輯版】,OAnBZNe4FG0,UgxLyTOeqISVdGWhRHd4AaABAg.APuM8idejATAPuXtJCmHdx,UC4sV3wuGtrBErDQrOrQ1kJA,@vath543,又...又在追殺 WW :face-blue-smiling:,2 天前,1,True,0.38186059772973957,Negative
12強奪冠一周年！成為世界冠軍的那一天！【重新剪輯版】,OAnBZNe4FG0,UgxLyTOeqISVdGWhRHd4AaABAg.APuM8idejATAPuYy3iBia1,UCFGeAtE8-VxertMaiI4K-Ww,@open1991525,"喔～抓到
太針對了吧！",2 天前,0,True,0.08120023523054543,Negative
12強奪冠一周年！成為世界冠軍的那一天！【重新剪輯版】,OAnBZNe4FG0,UgxLyTOeqISVdGWhRHd4AaABAg.APuM8idejATAPuaNJlmhor,UCr_XF_1yj_J5WftN1o6u7SA,@ROCKER0022,"水成這樣
連戀愛回顧也要再拿出來水一集",2 天前,2,True,0.525605773832524,Neutral
12強奪冠一周年！成為世界冠軍的那一天！【重新剪輯版】,OAnBZNe4FG0,UgxLyTOeqISVdGWhRHd4AaABAg.APuM8idejATAPuabo6j_tB,UCRoXK5FsiwURkLwcTxdAucQ,@leemenghsiu,台視新聞YT有【完整公開】森井誠之暫代樂天桃猿CEO 樂天桃猿記者會,2 天前,0,True,0.39991335223225977,Negative
12強奪冠一周年！成為世界冠軍的那一天！【重新剪輯版】,OAnBZNe4FG0,UgxLyTOeqISVdGWhRHd4AaABAg.APuM8idejATAPubNfUO6gm,UCSt0r2bXTHKHnjtR95Q9pTA,@cloudYeh-vv4wg,還以為會水下午的記者會．．．還是明天再水一次？？,2 天前,0,True,0.00036357209339099583,Negative
12強奪冠一周年！成為世界冠軍的那一天！【重新剪輯版】,OAnBZNe4FG0,UgxLyTOeqISVdGWhRHd4AaABAg.APuM8idejATAPubXToF1F1,UCSt0r2bXTHKHnjtR95Q9pTA,@cloudYeh-vv4wg,公佈換了新的領隊，而且還是暫代的喔～～,2 天前,0,True,0.09372470283586587,Negative
12強奪冠一周年！成為世界冠軍的那一天！【重新剪輯版】,OAnBZNe4FG0,UgxLyTOeqISVdGWhRHd4AaABAg.APuM8idejATAPucNYEvmVa,UCLWLnMi16QJhzQuw4BlotzQ,@chungscheerleaderland," @yang0843 畢竟對手是真。季後賽冠軍樂天
這波Josh盡力了",2 天前,8,True,0.9309253227594788,Positive
12強奪冠一周年！成為世界冠軍的那一天！【重新剪輯版】,OAnBZNe4FG0,UgxLyTOeqISVdGWhRHd4AaABAg.APuM8idejATAPue6u0Zhoo,UCkRCS6WcbEt8jNWekAL7RBQ,@Linkju53987,ㄏㄡˊ～～～又在追殺😂,2 天前,0,True,0.48295095741892224,Neutral
12強奪冠一周年！成為世界冠軍的那一天！【重新剪輯版】,OAnBZNe4FG0,UgxLyTOeqISVdGWhRHd4AaABAg.APuM8idejATAPugg-jG-Lw,UC5MGoeD0zyP0K-6Ppb2U9jg,@王昱雯-v4n,超級好笑有夠臭,2 天前,0,True,0.721189108500431,Positive
12強奪冠一周年！成為世界冠軍的那一天！【重新剪輯版】,OAnBZNe4FG0,UgxLyTOeqISVdGWhRHd4AaABAg.APuM8idejATAPuieympWsr,UCzdNdlZuJ6wZ1TSphaPuUSA,@tonychiang4147,17:58 最愛樂天了🤣🤣🤣,2 天前,0,True,0.8583141542235427,Positive
12強奪冠一周年！成為世界冠軍的那一天！【重新剪輯版】,OAnBZNe4FG0,UgxLyTOeqISVdGWhRHd4AaABAg.APuM8idejATAPumE5I0sBe,UCK-og-WrLB2MurhBp4Cfgqg,@a1236644,希望你水一集樂天記者會重點整理來考驗自己的功力😂,2 天前,0,True,0.9067810007269964,Positive
12強奪冠一周年！成為世界冠軍的那一天！【重新剪輯版】,OAnBZNe4FG0,UgxLyTOeqISVdGWhRHd4AaABAg.APuM8idejATAPuo3FCd-bq,UCOJ-9rjHkc-gfyB0VqEsusw,@lillionsopon,這支影片去年看了10多次，每次都熱淚盈眶，感謝Josh 😂,2 天前,7,True,0.6020151522734211,Positive
12強奪冠一周年！成為世界冠軍的那一天！【重新剪輯版】,OAnBZNe4FG0,UgxLyTOeqISVdGWhRHd4AaABAg.APuM8idejATAPup5Q_KImE,UCxNrU7lvXX3bHjWGYgC2ThA,@戴立昕,奪冠後日本球迷 說出恭喜 nice game的祝賀與擊掌   再看一次還是很感動,2 天前,4,True,0.9914779582785738,Positive
12強奪冠一周年！成為世界冠軍的那一天！【重新剪輯版】,OAnBZNe4FG0,UgxLyTOeqISVdGWhRHd4AaABAg.APuM8idejATAPupC9KeQIR,UCNMGqlI0lvR-yyhqjxvrOxQ,@chiaday,這次Josh輸了,2 天前,1,True,0.44767845850986676,Neutral
12強奪冠一周年！成為世界冠軍的那一天！【重新剪輯版】,OAnBZNe4FG0,UgxLyTOeqISVdGWhRHd4AaABAg.APuM8idejATAPuqK-tFyIM,UCD9PWWmJLzqvQ5aiuquw4eg,@wongwongmeow,宛晶喜歡這則留言,2 天前,0,True,0.6360562433351691,Positive
12強奪冠一周年！成為世界冠軍的那一天！【重新剪輯版】,OAnBZNe4FG0,UgxLyTOeqISVdGWhRHd4AaABAg.APuM8idejATAPurzZTD0PM,UCLiq2Ta1isb9uzzkiVRAtug,@陳貞旬-k9k,​ @-gary-2593 水🎉,2 天前,1,True,0.2712488476340903,Negative
12強奪冠一周年！成為世界冠軍的那一天！【重新剪輯版】,OAnBZNe4FG0,UgxLyTOeqISVdGWhRHd4AaABAg.APuM8idejATAPus-IDlhy9,UCExk6PcyLfkXAzILeTdPo9g,@mark00059,是不是在臭你最愛的 17:58,2 天前,0,True,0.3140688904517833,Negative
12強奪冠一周年！成為世界冠軍的那一天！【重新剪輯版】,OAnBZNe4FG0,UgxLyTOeqISVdGWhRHd4AaABAg.APuM8idejATAPux6VqZaQv,UCh9aOxIXOyhVwi4sSMPpRqQ,@kingchu3381,明年的經典賽，Josh 要對上的會是大谷翔平還是山本由伸? #國師加油!,2 天前,4,True,0.5840255262856916,Neutral
12強奪冠一周年！成為世界冠軍的那一天！【重新剪輯版】,OAnBZNe4FG0,UgxLyTOeqISVdGWhRHd4AaABAg.APuM8idejATAPv9Ll1FMFy,UChhpRPJY3zD8Jvp_vNLV0Tw,@dreamrecord1866,17:58,2 天前,0,True,0.5,Neutral
12強奪冠一周年！成為世界冠軍的那一天！【重新剪輯版】,OAnBZNe4FG0,UgxLyTOeqISVdGWhRHd4AaABAg.APuM8idejATAPvD-N_liLZ,UC-2fMa4fzEe8MxM3nCb9oKA,@徐瑋宏-k3v,🇹🇼這場百看不厭🎉,2 天前,0,True,0.4328797511796998,Neutral
12強奪冠一周年！成為世界冠軍的那一天！【重新剪輯版】,OAnBZNe4FG0,UgxLyTOeqISVdGWhRHd4AaABAg.APuM8idejATAPvDLTuURBA,UCDR1z52hGjyNQJ357JX3B3Q,@HyunAhChange,"台湾省代表中国 
得到12强冠军  
是中华民族的骄傲",2 天前,0,True,0.9998917621981803,Positive
12強奪冠一周年！成為世界冠軍的那一天！【重新剪輯版】,OAnBZNe4FG0,UgxLyTOeqISVdGWhRHd4AaABAg.APuM8idejATAPw3ZopCpfe,UCCVwtQnawCNP3JiDgsJWYUg,@whteoff751," @HyunAhChange  翻牆禁止,用英文更是大逆不道,檢舉！",2 天前,3,True,0.011504170165056893,Negative
12強奪冠一周年！成為世界冠軍的那一天！【重新剪輯版】,OAnBZNe4FG0,UgxLyTOeqISVdGWhRHd4AaABAg.APuM8idejATAPwIOex1mCO,UC8yFCufkZf38lESqlwH7m9Q,@gcg94668,一水還有一水水,2 天前,0,True,0.19179865346784164,Negative
12強奪冠一周年！成為世界冠軍的那一天！【重新剪輯版】,OAnBZNe4FG0,UgxLyTOeqISVdGWhRHd4AaABAg.APuM8idejATAPwvIDcoCIj,UCbyt3yveUtZZOQs6AuVvBSQ,@穎-y4s,不管這一場過了多久Josh 是最大的功臣,1 天前,0,True,0.19380357787506564,Negative
12強奪冠一周年！成為世界冠軍的那一天！【重新剪輯版】,OAnBZNe4FG0,UgxLyTOeqISVdGWhRHd4AaABAg.APuM8idejATAPxJLrywvB9,UCVHWb9IK-CwG0SEHTsbKTyQ,@jacky660807,日本美眉，都好可愛喔！😍,1 天前,0,True,0.961290419725607,Positive
12強奪冠一周年！成為世界冠軍的那一天！【重新剪輯版】,OAnBZNe4FG0,UgxLyTOeqISVdGWhRHd4AaABAg.APuM8idejATAPxJcMKYkrZ,UC4ThlRotHm1dWgVDX8Yi6qw,@魏誠佑-i2v,再水  能比樂天水嗎,1 天前,0,True,0.07687850102537663,Negative
12強奪冠一周年！成為世界冠軍的那一天！【重新剪輯版】,OAnBZNe4FG0,UgwRw-ej1IzhGCQPlyZ4AaABAg,UCVADSon-Yal6Osj-W4I0nfA,@ptcg韓哥,謝謝演算法,1 天前,0,False,0.9078454410224112,Positive
12強奪冠一周年！成為世界冠軍的那一天！【重新剪輯版】,OAnBZNe4FG0,UgzMkd7Vf02BSdsLCC14AaABAg,UCwLpFKm2prXuCaFUdUyygxg,@abcnelson654,藏了這麼久,1 天前,0,False,0.689085576684522,Positive
12強奪冠一周年！成為世界冠軍的那一天！【重新剪輯版】,OAnBZNe4FG0,Ugxi4cK3Ain5Ne3M-g94AaABAg,UCvuGV4EkbMkT8Dr_BLtn2nQ,@CCH1101,可以每年都重剪一次，我每年都可以不斷看 2024的世界12強賽,1 天前,0,False,0.8350371874639686,Positive
12強奪冠一周年！成為世界冠軍的那一天！【重新剪輯版】,OAnBZNe4FG0,UgzHiRl2iRoiP_X9JoN4AaABAg,UCvuGV4EkbMkT8Dr_BLtn2nQ,@CCH1101,好開心 好開心 好開心，台灣真的辦到了，日本人很有風度，真的令人刮目相看，感謝這得來不易的冠軍🏆🏆🏆 嬙姐好可愛，啤酒妹好可愛🍺🍺,1 天前,0,False,0.9986440977575115,Positive
12強奪冠一周年！成為世界冠軍的那一天！【重新剪輯版】,OAnBZNe4FG0,Ugz69zczRx18dsaXaH14AaABAg,UCQNvisMPlkZrwDOCZrz48cw,@dumbsam555,你自己說，家正炸那一發的時候，你是不是沒在錄，你就承認吧 🤣,1 天前,0,False,0.5750400969750163,Neutral
12強奪冠一周年！成為世界冠軍的那一天！【重新剪輯版】,OAnBZNe4FG0,Ugzu-MVsnBOyyEV3Ett4AaABAg,UCwZb3uJ5Zu7MRhTabNMqMow,@Abe.imhotep,當我以為是演算法帶我再感動一次的時候，我卻發現這是Josh再水一次的影片⋯😂,1 天前,0,False,0.976351974925841,Positive
12強奪冠一周年！成為世界冠軍的那一天！【重新剪輯版】,OAnBZNe4FG0,UgwEgLTPZ0tBJnHxqid4AaABAg,UCTHcrbzcnxX-ww8vjg3GaBw,@李明軒-l6l,重溫12嬙,1 天前,4,False,0.1560563682303775,Negative
12強奪冠一周年！成為世界冠軍的那一天！【重新剪輯版】,OAnBZNe4FG0,UgyE7gJR_2pLLI9ld_l4AaABAg,UCW0JNyIMesT9WsAjzt762iQ,@TcK2215,最後展現的不只是台日友好，更是運動不分國籍，但可惜這些，某些國家跟人永遠不懂,1 天前,0,False,0.571117892984618,Neutral
12強奪冠一周年！成為世界冠軍的那一天！【重新剪輯版】,OAnBZNe4FG0,Ugxt84hjV1zm2aq4ceR4AaABAg,UCsWTA-thBiW53XjpzT_0VnA,@Rin_kyoko,看到「甚麼毛病阿」還有「日本」，我還以為我走錯頻道了,1 天前,0,False,0.3635123971748362,Negative
12強奪冠一周年！成為世界冠軍的那一天！【重新剪輯版】,OAnBZNe4FG0,Ugzu7DmISgtKYiXwqRl4AaABAg,UCBSFgS3B_C7u7bOjA0jomcg,@andy99923,日本球迷素質高，雖然輸球還是說恭喜,1 天前,0,False,0.9714030244961642,Positive
12強奪冠一周年！成為世界冠軍的那一天！【重新剪輯版】,OAnBZNe4FG0,UgwBRIkvex14OJ60TqV4AaABAg,UCaejmHKq6_kK6VMY33KDYcg,@jinsangtw,🥹🥹🥹,1 天前,0,False,0.5,Neutral
12強奪冠一周年！成為世界冠軍的那一天！【重新剪輯版】,OAnBZNe4FG0,UgxZ8yFgm9rcsIK2L9p4AaABAg,UCgD2SP2i7yCgq4Yc9e_4kvw,@chshih123,再次溫習這最棒的感動❤❤❤,1 天前,1,False,0.9644274340989174,Positive
12強奪冠一周年！成為世界冠軍的那一天！【重新剪輯版】,OAnBZNe4FG0,UgzFLrvWBWqWnXWM1cN4AaABAg,UCSA9CKJ5TO0QWMfBy55rBaQ,@黃弦堯,週年慶,1 天前,0,False,0.4737672181921908,Neutral
12強奪冠一周年！成為世界冠軍的那一天！【重新剪輯版】,OAnBZNe4FG0,UgzDs3vYX_zI5hhn2Jt4AaABAg,UCmI1VLM2iYIQaIAa1nM5nUg,@chrisz1u2m,真的又來水😂😂😂😂，你認真點,1 天前,0,False,0.4477302209880776,Neutral
12強奪冠一周年！成為世界冠軍的那一天！【重新剪輯版】,OAnBZNe4FG0,UgzRMlQNB1bWMKgqBqd4AaABAg,UCfK0E74NdU5geQeGEO0vOyw,@郭大頭-k3j,這樣也可水一集，厲害,1 天前,0,False,0.10530242426277159,Negative
12強奪冠一周年！成為世界冠軍的那一天！【重新剪輯版】,OAnBZNe4FG0,Ugwa1ZtbyLOnbgrxGXN4AaABAg,UClsGPCdT9QlcMhf1F6JFDiw,@heacoun0101,這一年看10000次，已經訓練到不用畫面就知道場上發生什麼事了。,2 天前,0,False,0.7845260160545154,Positive
12強奪冠一周年！成為世界冠軍的那一天！【重新剪輯版】,OAnBZNe4FG0,UgxWGfxC7bvrBXQb0MF4AaABAg,UCqbUdY0i9Fl0WnTB2kBqdRA,@finrice,當時的日本人，沒有人知道他是特級,2 天前,1,False,0.5845186908608484,Neutral
12強奪冠一周年！成為世界冠軍的那一天！【重新剪輯版】,OAnBZNe4FG0,UgxvWZbFOkj67mjhw0t4AaABAg,UClS-Ix067od5nzosiAU9gKw,@danchu0616,好帥為什麼要翻好恐怖🤣🤣🤣,2 天前,0,False,0.3516783979638448,Negative
12強奪冠一周年！成為世界冠軍的那一天！【重新剪輯版】,OAnBZNe4FG0,Ugz9Rj1cLnVfYTd91dd4AaABAg,UC3_2EdUMyBw4VYTnr1wK4Lw,@jgirlj1,超會賺錢，沒看過有人可以這樣撈,2 天前,1,False,0.0011309186629773205,Negative
12強奪冠一周年！成為世界冠軍的那一天！【重新剪輯版】,OAnBZNe4FG0,UgzV7v0UOaKxyN2m_z14AaABAg,UC8fA2zjJa3UjsCR04hBly2A,@金中泰通緝犯-ya,"12強冠軍獎牌
12嬙冠軍紅線",2 天前,3,False,0.1415423337077103,Negative
12強奪冠一周年！成為世界冠軍的那一天！【重新剪輯版】,OAnBZNe4FG0,UgyL8f6_STg1Hgkdq7d4AaABAg,UCnHJDtlA9Q84BW6jvWTkPPw,@hung-chihlee9447,20:27 手手放哪邊,2 天前,2,False,0.6158389199503287,Positive
12強奪冠一周年！成為世界冠軍的那一天！【重新剪輯版】,OAnBZNe4FG0,Ugwu2Bd3sz34PJyXVUt4AaABAg,UC6dutwu9FljAvWEuKZ6uddg,@mediumfriesss,我是來看嬙姐的~~,2 天前,0,False,0.7363509535963793,Positive
12強奪冠一周年！成為世界冠軍的那一天！【重新剪輯版】,OAnBZNe4FG0,UgwK8cJ0MNfRUUMIFId4AaABAg,UCt_JI_j29zAUW0seX6981eg,@Petty5678,後面是甚麼送客環節嗎?糖咧??,2 天前,0,False,0.0033751206336979367,Negative
12強奪冠一周年！成為世界冠軍的那一天！【重新剪輯版】,OAnBZNe4FG0,Ugwktfv7SxoaksVGzYJ4AaABAg,UCdaScerm7b7qotoxLhgz8vA,@elvisjulia,不管再看幾次，都還是很感動。,2 天前,0,False,0.8587489581891198,Positive
12強奪冠一周年！成為世界冠軍的那一天！【重新剪輯版】,OAnBZNe4FG0,UgxpbyE6dy-GUxcagwR4AaABAg,UCNAr3HZmtfqZkHWO8sMp4pA,@蕭承啓,都在週年回顧了，官宣了嗎？,2 天前,1,False,0.41136151378327435,Neutral
12強奪冠一周年！成為世界冠軍的那一天！【重新剪輯版】,OAnBZNe4FG0,UgwnY3yG1_EUJ5W-r414AaABAg,UCfuQFAZIpANB3OlgMCMw7iA,@askacis,同樣的影片內容騙了我兩次眼淚是可以的嗎~,2 天前,0,False,0.0033832705742203872,Negative
12強奪冠一周年！成為世界冠軍的那一天！【重新剪輯版】,OAnBZNe4FG0,UgzG7fr2WuILkFK15nJ4AaABAg,UC_ngJdDZ7GuTLUKZyZgeNww,@CathyWYHuang,再看還是很想哭阿,2 天前,0,False,0.8130596195401782,Positive
12強奪冠一周年！成為世界冠軍的那一天！【重新剪輯版】,OAnBZNe4FG0,UgwpKtz1gEERhsp0wTZ4AaABAg,UCaG3-ZlGEOlSUkDLpFtYjiQ,@Jasonhsu6666,12嬙，真的太嬙了🎉🎉🎉,2 天前,7,False,0.1468069965222647,Negative
12強奪冠一周年！成為世界冠軍的那一天！【重新剪輯版】,OAnBZNe4FG0,UgxwdK2DVDzaPaGdi-94AaABAg,UCBD20mYiPXIvHfV3Cg7Vx_w,@王三鼻,12嬙 一周年,2 天前,9,False,0.6142926382223186,Positive
12強奪冠一周年！成為世界冠軍的那一天！【重新剪輯版】,OAnBZNe4FG0,UgxPuSZzQFmFpNlUU5p4AaABAg,UCFgyMVZPT8lab67Jmt_oawg,@陳重佐-b6n,再看一次還是感動,2 天前,0,False,0.726484907676891,Positive
12強奪冠一周年！成為世界冠軍的那一天！【重新剪輯版】,OAnBZNe4FG0,Ugzio-DLD8wMp6qCqeh4AaABAg,UC7KjUdEg7SwdEwKSrwgjq4Q,@nathanhsu5829,"明知道這片來水的 
但還是看完了
還是感動到淚流滿面",2 天前,0,False,0.90580500874804,Positive
開箱巴黎路邊的公廁！嬙姐聽到驚喜的反應是？【巴黎行EP2】,JdXZ1b-wX-8,Ugwx-xu1_ORO-uQyHX14AaABAg,UCEH5J7U8lJNTN9oWQbVMOsA,@jaslikeyou,"地下墓穴 hen 酷
好玩",1 天前,0,False,0.8733893695619097,Positive
開箱巴黎路邊的公廁！嬙姐聽到驚喜的反應是？【巴黎行EP2】,JdXZ1b-wX-8,Ugx7ivXqSWjSzcQ1YJZ4AaABAg,UCAycdYTqv26QZkANmi9PP5g,@xiaoyu254,有人知道嬙姐的ig嘛？,1 天前,0,False,0.5020084015608197,Neutral
開箱巴黎路邊的公廁！嬙姐聽到驚喜的反應是？【巴黎行EP2】,JdXZ1b-wX-8,UgzbQTytytXVc-5QOG14AaABAg,UCm9_Ydtz8rSNZrMkD3yyR-g,@俊廷潘,嬙姐是做什麼工作的呀,2 天前,0,False,0.8130144823987151,Positive
開箱巴黎路邊的公廁！嬙姐聽到驚喜的反應是？【巴黎行EP2】,JdXZ1b-wX-8,Ugwd4iPdRE8kwQgffxV4AaABAg,UCbSZ6IhwiL50tEAEBu4I9Ew,@KevinFan-,"羅浮宮 是不是最近被嗨呀
怎麼感覺 有新聞",2 天前,0,False,0.14740947926380554,Negative
開箱巴黎路邊的公廁！嬙姐聽到驚喜的反應是？【巴黎行EP2】,JdXZ1b-wX-8,Ugx2N-sAux6SAT69SWh4AaABAg,UC4lg77rzSb1CSrSUXnDGZ-Q,@MinRenTang,高級切糕,2 天前,0,False,0.1936732579907683,Negative
開箱巴黎路邊的公廁！嬙姐聽到驚喜的反應是？【巴黎行EP2】,JdXZ1b-wX-8,UgxrqNBcJq-D4npdVDZ4AaABAg,UC3kn_wzw70x6zP5Vj-xZhRg,@mengfenglin,點了一桌海鮮...= =+,3 天前,0,False,0.660224831847595,Positive
開箱巴黎路邊的公廁！嬙姐聽到驚喜的反應是？【巴黎行EP2】,JdXZ1b-wX-8,UgxrGYRFHS2PmXytwuB4AaABAg,UCBkMdTnymfu-VSInLXUHM8w,@wuchinhsin,是我的錯覺嗎？有嬙姐的片子～josh的口頭禪就變成不斷地～好爽喔！好棒喔！是心態的問題嗎？,3 天前,0,False,0.00011138755634709785,Negative
開箱巴黎路邊的公廁！嬙姐聽到驚喜的反應是？【巴黎行EP2】,JdXZ1b-wX-8,Ugwqkiz6I4fvoaqRMFR4AaABAg,UCRpTSX75xIC3tliS-LjltEA,@Lcwww_51,Josh你喜歡吃堅果喔,3 天前,0,False,0.1910057475809026,Negative
開箱巴黎路邊的公廁！嬙姐聽到驚喜的反應是？【巴黎行EP2】,JdXZ1b-wX-8,Ugx7XLfuaF5dzPu4IEV4AaABAg,UCRUZ18CqQI9i5bUpm0sZxvg,@kenho6939,"我以為是棒球頻道?
原來是狗糧頻道",3 天前,2,False,0.2737588644393142,Negative
開箱巴黎路邊的公廁！嬙姐聽到驚喜的反應是？【巴黎行EP2】,JdXZ1b-wX-8,Ugyc0uPv1A4jeoRqe8F4AaABAg,UCq9IVD9MUMTkJn_1Mw_0j5w,@chuusan01,12:30  封面，這球跟小文餵給林智平的紅中肉包  有過之而無不及,3 天前,0,False,0.38239948166231685,Negative
開箱巴黎路邊的公廁！嬙姐聽到驚喜的反應是？【巴黎行EP2】,JdXZ1b-wX-8,UgzCIvUbN617AFDeNbB4AaABAg,UC0jhfnm6jL0Ljx2jEPAGGaA,@CHYBilly,"為什麼買到票
「是愛的力量～～」",3 天前,0,False,0.9331065472852679,Positive
開箱巴黎路邊的公廁！嬙姐聽到驚喜的反應是？【巴黎行EP2】,JdXZ1b-wX-8,Ugy40Jyt1FzzeuNeLoV4AaABAg,UCD4gYG1biTuyB8bjQTRloAA,@tatata8561,4:26這應該也是蝦78亂點 想點牛排裝個逼 點成肉泥 😂不然誰會跑到法國吃肉泥啦😂,3 天前,6,False,0.004874426629106421,Negative
開箱巴黎路邊的公廁！嬙姐聽到驚喜的反應是？【巴黎行EP2】,JdXZ1b-wX-8,UgyqSIv3FfE8z5e0BDd4AaABAg,UCN4vO4-V1L82Ri19jwiWUqA,@IronEgg,還好冠軍小隊第三人有家庭了，不然他已經不在幕前了😢,3 天前,1,False,0.07702729778768924,Negative
開箱巴黎路邊的公廁！嬙姐聽到驚喜的反應是？【巴黎行EP2】,JdXZ1b-wX-8,UgyRQVQoCwyL9x6zngl4AaABAg,UCxIz8Sr3A5yaVOaHTDGXPrA,@chienyaolin7821,從鐵塔對面的夏佑宮拍鐵塔也超漂亮！,3 天前,0,False,0.9102568369610272,Positive
開箱巴黎路邊的公廁！嬙姐聽到驚喜的反應是？【巴黎行EP2】,JdXZ1b-wX-8,UgwUc4I4TCnLbN6xx_p4AaABAg,UCTA4-CFoMVMYTP5ihgbStuw,@埔里食神,"有沒有人也覺得....相較於梔梔跟安娜，嬙姐跟Josh對話超級""老夫老妻""的，超級自然地互相接梗。",4 天前,2,False,0.5040279562267866,Neutral
開箱巴黎路邊的公廁！嬙姐聽到驚喜的反應是？【巴黎行EP2】,JdXZ1b-wX-8,UgxyWSrA1Z3EOQNDaIJ4AaABAg,UCerOV8ejh7jU3lbzhZ1Q9Dw,@Alderamin-em2dh,看過荷蘭路邊小便斗驚訝程度應該會不下運動家主場的小便斗,4 天前,0,False,0.13783514961398136,Negative
開箱巴黎路邊的公廁！嬙姐聽到驚喜的反應是？【巴黎行EP2】,JdXZ1b-wX-8,UgwOrTaFEgBd73To_nR4AaABAg,UC1tVFMPXuO6Tpqc3erNsfEg,@c04han,"11:04
吃那麼多生蠔 晚上是要❤️😆",4 天前,2,False,0.18156115399396133,Negative
開箱巴黎路邊的公廁！嬙姐聽到驚喜的反應是？【巴黎行EP2】,JdXZ1b-wX-8,UgztF07LK-yVqjtf5rN4AaABAg,UCnrg7vqYfBgXDQ1iINE7TtQ,@lentishuang,請問 明天 11/24 會開直播跟大家一起看冠軍賽嗎??,4 天前,0,False,0.002467678094704051,Negative
開箱巴黎路邊的公廁！嬙姐聽到驚喜的反應是？【巴黎行EP2】,JdXZ1b-wX-8,Ugy2JNEiNzOd7wSlx_J4AaABAg,UCpX-LoRkmhNkmJTpshQsRBw,@travishuang8305,法國的付費路邊公廁，在你上完廁所離開後，會自動沖洗整間廁所的地板。地板上是條狀溝槽，就是水從溝槽流掉，人的鞋子是踩在金屬條上方，鞋子相對比較不會踩在全濕的地板上。記得，上完，走出廁所後，別立刻掉頭再進去，免得沖洗過程把你的鞋子沖到全濕(可能包含尿)。如果是大號用的廁所，空間很大，沖洗時也很壯觀。為什麼我會知道？因為10年前蜜月旅行，同行的親戚不知道上完、開門沒走出去又關門，迎來的就是整間浴室地板洩洪般的沖洗，鞋子差點全濕！萬一真的遇到，就趕快跑出廁所，或站在廁所的左右兩側。不過這是我10年前的經驗，現在的公廁科技有沒有更人性化？我就不確定了，期待有法國通幫忙釋疑,4 天前,1,False,0.0,Negative
開箱巴黎路邊的公廁！嬙姐聽到驚喜的反應是？【巴黎行EP2】,JdXZ1b-wX-8,Ugy4DAtvsIuRrJz5d2R4AaABAg,UCYvSHAQWDJz2RQ87NdFRwgA,@useroodhxhgkso0001,黑長直最高！！,4 天前,2,False,0.34262173899802995,Negative
開箱巴黎路邊的公廁！嬙姐聽到驚喜的反應是？【巴黎行EP2】,JdXZ1b-wX-8,UgzLxzsgrbybT5w3Q5J4AaABAg,UCUY0JcKkjUSolc0qo0IB9yg,@我聽音樂All_in_Music,3:40 我這邊如果進去看 下一秒就是警察局了😂😂😂,4 天前,0,False,0.42590063166686576,Neutral
開箱巴黎路邊的公廁！嬙姐聽到驚喜的反應是？【巴黎行EP2】,JdXZ1b-wX-8,UgwuaCqTrUiVeleqyDV4AaABAg,UCkJQm8gaBk7M9XXou_JLgjg,@半糖加點鹽,Josh現在再法國吃任何甜點的甜度是物理加心裡～特甜～,4 天前,0,False,0.9810455920018315,Positive
開箱巴黎路邊的公廁！嬙姐聽到驚喜的反應是？【巴黎行EP2】,JdXZ1b-wX-8,UgyLUSmO0V0b7qEC5iB4AaABAg,UCpoTEXdV64-3isEU8vG1FBA,@王博-f6e,能出嬙姐應援毛巾嗎?,4 天前,4,False,0.034889410416542255,Negative
開箱巴黎路邊的公廁！嬙姐聽到驚喜的反應是？【巴黎行EP2】,JdXZ1b-wX-8,UgzA5bzwvDMao1pZBYZ4AaABAg,UCYIXyn72fGFU-WqOSBUoaTw,@林義閔-v8g,買到票給我的感覺像是正中紅心的失投求，太甜了,4 天前,5,False,0.1964645890007054,Negative
開箱巴黎路邊的公廁！嬙姐聽到驚喜的反應是？【巴黎行EP2】,JdXZ1b-wX-8,UgysjEl36RbuvdnksIt4AaABAg,UCR9e6YUt5Bmalg-hoiMu9ng,@colorhand8799,3:19 這公廁跟隨地小便有87%相似,4 天前,1,False,0.18590702113990676,Negative
開箱巴黎路邊的公廁！嬙姐聽到驚喜的反應是？【巴黎行EP2】,JdXZ1b-wX-8,Ugy62RMagn7M4LofN_N4AaABAg,UCuE_k8Hf5oyh86gA5xjRPrQ,@風暴兵-s2t,紅酒是要先適合的，一般都會是給這次吃飯主導的人先試喝，試喝完就可以知會服務生說OK或是不行要換酒。,4 天前,3,False,0.00018468633883605978,Negative
開箱巴黎路邊的公廁！嬙姐聽到驚喜的反應是？【巴黎行EP2】,JdXZ1b-wX-8,Ugw0up3TXqdoS98PoY54AaABAg,UCi86Drbq1xP9GCmtgcbPxdQ,@ps90444,"吃蚵啊🤔晚上才有體力繼續奮戰
🎉🎉😊",4 天前,0,False,0.013761701807309512,Negative
開箱巴黎路邊的公廁！嬙姐聽到驚喜的反應是？【巴黎行EP2】,JdXZ1b-wX-8,UgxY472AjpGiG9TBRcV4AaABAg,UCT3INg5a2ljWliF00x5betA,@林北-y9j,墓仔埔也敢去～狂戀的人有勇氣～不怕壹切呦～,5 天前,0,False,0.2721639528591583,Negative
開箱巴黎路邊的公廁！嬙姐聽到驚喜的反應是？【巴黎行EP2】,JdXZ1b-wX-8,UgwP6GZw7Lp4zvj7JQl4AaABAg,UCEVMc7BEIlq6LXu5NsxKVAA,@yakultgyoza,"周末有嬙姐可以看?!
是可以這麼幸福的嗎:face-red-heart-shape:",5 天前,2,False,0.4653503041326391,Neutral
開箱巴黎路邊的公廁！嬙姐聽到驚喜的反應是？【巴黎行EP2】,JdXZ1b-wX-8,Ugwt5XXvZx1a69BCZxJ4AaABAg,UCU9AO9OC0E62YTagOK-ejLw,@mayuho2494,看到跟你宣布一下突然有那種感覺....,5 天前,1,False,0.11129848327975822,Negative
開箱巴黎路邊的公廁！嬙姐聽到驚喜的反應是？【巴黎行EP2】,JdXZ1b-wX-8,UgzBwrdnJ0zl8Tizlx14AaABAg,UCwLpFKm2prXuCaFUdUyygxg,@abcnelson654,居然沒求婚？,5 天前,3,False,0.30667749249388365,Negative
開箱巴黎路邊的公廁！嬙姐聽到驚喜的反應是？【巴黎行EP2】,JdXZ1b-wX-8,UgyVlrovHRGmH8nWabR4AaABAg,UCs9UnLg-kdL8YhKXANrxDeQ,@耿和-q6c,沒去看個法甲足球嗎😊,5 天前,0,False,0.0673384018394132,Negative
開箱巴黎路邊的公廁！嬙姐聽到驚喜的反應是？【巴黎行EP2】,JdXZ1b-wX-8,UgzhVaTpJ4BFPRi-BQ54AaABAg,UCe39gARNncSTWsnVq_5ALjg,@kikiwang9332,Josh是否願意再次進入墓穴，看官們繼續看下去😮,5 天前 (已編輯),0,False,0.21543034951609896,Negative
開箱巴黎路邊的公廁！嬙姐聽到驚喜的反應是？【巴黎行EP2】,JdXZ1b-wX-8,UgzCi-Ky78I6teOwdYF4AaABAg,UCeUu5bL9O8gwg3l0dM57jfQ,@arahany1308,"8:11原來鐵塔上面的探照燈會換，180度？
9:10有意思。截圖（去字幕）去問Gemini，它認為是：
這是位於俄羅斯聖彼得堡的**聖以撒大教堂（St. Isaac's Cathedral）**內部的螺旋樓梯。
（中略）
如何辨識此地點：
 * 階梯（材質）： 最明顯的特徵是階梯上金屬「菱形花紋鋼板」（diamond plate / checker plate）的紋理。雖然許多著名的螺旋樓梯（如倫敦大火紀念碑或巴黎凱旋門）都是由石頭或混凝土製成，但聖以撒大教堂通往觀景台的樓梯使用的是
（中略）
常見的誤認
人們很容易將此處誤認為其他著名的螺旋樓梯，但透過材質可以區分出來：
 * 倫敦大火紀念碑（The Monument, London）： 擁有懸臂式的石造階梯，而非金屬。
 * 巴黎凱旋門（Arc de Triomphe, Paris）： 同樣也是石造階梯。
 * 紐約自由女神像（Statue of Liberty, NYC）： 通往皇冠的樓梯是雙螺旋（交錯）系統，而這裡是單一螺旋且中間鏤空。
（下略）
哈哈，沒去更正它",5 天前,0,False,1.475264355121908e-12,Negative
開箱巴黎路邊的公廁！嬙姐聽到驚喜的反應是？【巴黎行EP2】,JdXZ1b-wX-8,Ugzil4c9YuUl4-0Sx9F4AaABAg,UCJNbMKlCo-zi6WcmNkHTPgQ,@ldm32tw,"看了豆豆先生眼的豆豆假期.
就不會想吃那個海鮮盤了~",5 天前,1,False,0.042009322786958125,Negative
開箱巴黎路邊的公廁！嬙姐聽到驚喜的反應是？【巴黎行EP2】,JdXZ1b-wX-8,UgxtBAyDq9bqHrAjJ-t4AaABAg,UCf_PSff8_IpwwwcamOJIp3g,@李銘展-z5r,11:35 伊藤：奇怪了手酸酸的但為什麼空氣中又有一股淡淡的甜味,5 天前,0,False,0.699671197132819,Positive
開箱巴黎路邊的公廁！嬙姐聽到驚喜的反應是？【巴黎行EP2】,JdXZ1b-wX-8,Ugwq3PIIJ06UJ3Io4Ul4AaABAg,UCKGO4xPa1mDuE0l8P5r_d1A,@fg01089,10:12 來了來了，開始靈魂拷問了，而且還是拿著刀(X,5 天前,0,False,0.5202039489811812,Neutral
開箱巴黎路邊的公廁！嬙姐聽到驚喜的反應是？【巴黎行EP2】,JdXZ1b-wX-8,Ugypjw8ayVZGrCgCYE54AaABAg,UCKhX4Dj3H6kFBmHa3Qjq2QA,@Matcha-m0chi,8:16 香榭麗舍大道:face-orange-raised-eyebrow:,5 天前,5,False,0.7716230370775894,Positive
開箱巴黎路邊的公廁！嬙姐聽到驚喜的反應是？【巴黎行EP2】,JdXZ1b-wX-8,UgyPou1rj2kiNNVsY-R4AaABAg,UCRW3n5rVI_abE8e7LWKtokA,@曾威利-w3o,你們在凱旋門上面有kiss嗎😂,5 天前,0,False,0.020739872901317957,Negative
開箱巴黎路邊的公廁！嬙姐聽到驚喜的反應是？【巴黎行EP2】,JdXZ1b-wX-8,Ugw5l61EY8YE5pX5Q5J4AaABAg,UCRVTqGXo8Cjt91u2QTXRt6Q,@yavcyavc,明明是戀愛實境節目 仍不經意穿插各種棒球元素，這棒球YT頂了吧,5 天前 (已編輯),5,False,0.03614483584133399,Negative
開箱巴黎路邊的公廁！嬙姐聽到驚喜的反應是？【巴黎行EP2】,JdXZ1b-wX-8,UgzTtqKOgU_01WUnyA94AaABAg,UCs7NnJeczwmHpTiXbJmgP-Q,@chensam-i7e,開場這避嫌聲明我們可是不買單的喔,5 天前,3,False,0.021279453754526556,Negative
開箱巴黎路邊的公廁！嬙姐聽到驚喜的反應是？【巴黎行EP2】,JdXZ1b-wX-8,UgwddRrsvgbI46EaJRR4AaABAg,UCSZLfst_p5NYKSViYA7i7Nw,@nick5715,"怎麼很像以前看的一部漫畫⋯⋯
草莓百分百，哈哈哈哈
各門派站出來！！",5 天前 (已編輯),1,False,0.9930664778065625,Positive
開箱巴黎路邊的公廁！嬙姐聽到驚喜的反應是？【巴黎行EP2】,JdXZ1b-wX-8,Ugxn0AnFCeDnn_4UK5N4AaABAg,UCmoeRF36nt5ptSXqgKdu8ig,@LSK0833,秦始皇們簽到處：,5 天前,0,False,0.5111302349494028,Neutral
開箱巴黎路邊的公廁！嬙姐聽到驚喜的反應是？【巴黎行EP2】,JdXZ1b-wX-8,UgxUdNx-UW-uIToifbd4AaABAg,UC9mrGmRBO59PUHk76zixYlA,@曾昭凱-l3o,唉不是，凱旋門不跪，難道要在墓穴裡跪！？,5 天前 (已編輯),0,False,0.009036129016759653,Negative
開箱巴黎路邊的公廁！嬙姐聽到驚喜的反應是？【巴黎行EP2】,JdXZ1b-wX-8,Ugyoa-8vRhYbxV15x214AaABAg,UCowrlWEpIN86eFbtYnTRmkg,@李正和-r7h,這個轉場是什麼呢？😂享受一個人的時光，然後就…,5 天前,0,False,0.3804933827616265,Negative
開箱巴黎路邊的公廁！嬙姐聽到驚喜的反應是？【巴黎行EP2】,JdXZ1b-wX-8,UgzYkdTQEarAoH8-JUp4AaABAg,UCi1Z0NsdZnUbW2DtcfuRHOg,@linjames4740,Josh可以看法甲聯賽PSG大巴黎啊～去年歐冠冠軍🏆,5 天前,1,False,0.873638855876515,Positive
開箱巴黎路邊的公廁！嬙姐聽到驚喜的反應是？【巴黎行EP2】,JdXZ1b-wX-8,UgxlGZQ_U7EpGy3ei7V4AaABAg,UCG1E0xgCS6p2ZfLuaCpHIKQ,@Kevin98-o1l,跟各位說一下正片是從 5:27 開始,5 天前,0,False,0.46383019460741126,Neutral
開箱巴黎路邊的公廁！嬙姐聽到驚喜的反應是？【巴黎行EP2】,JdXZ1b-wX-8,UgxQFDoWRq39raov0Bd4AaABAg,UCpVAv6MpgeMtDtuc88XMiww,@pcjack100,"202階...
金刀比羅宮(嚴魂神社)&烘爐地：?",5 天前,0,False,0.5923758290576203,Neutral
開箱巴黎路邊的公廁！嬙姐聽到驚喜的反應是？【巴黎行EP2】,JdXZ1b-wX-8,UgxX-Doq_YnWIPXeX4d4AaABAg,UCbrejw_V_am0wAMQm3JIlgw,@Thorvideostudio,好爛漫的約會,5 天前,0,False,0.11644949832710538,Negative
開箱巴黎路邊的公廁！嬙姐聽到驚喜的反應是？【巴黎行EP2】,JdXZ1b-wX-8,UgxnpzyujGkvjXAktZx4AaABAg,UCQ7t4bgeoqQCehwRAO7dT0A,@phenixmaev,好好奇嬙姐的工作是什麼，可以到法國出差喔,5 天前,1,False,0.8525948753526575,Positive
開箱巴黎路邊的公廁！嬙姐聽到驚喜的反應是？【巴黎行EP2】,JdXZ1b-wX-8,UgwMmX2EiIHH8HMqimV4AaABAg,UCDcItwSPmEDPCQOjvO10vSw,@38Ichiro,會不會在地下墓穴突然下跪😅讓我們看下去❤,5 天前,0,False,0.011369545378531742,Negative
開箱巴黎路邊的公廁！嬙姐聽到驚喜的反應是？【巴黎行EP2】,JdXZ1b-wX-8,UgyQlVeiX8YHrA4khFJ4AaABAg,UCjplDX-0MVRZh1AoXDRy06A,@samchen10130,josh什麼時候上去看大巴黎🤩🤩🤩,5 天前,0,False,0.42572968837068315,Neutral
開箱巴黎路邊的公廁！嬙姐聽到驚喜的反應是？【巴黎行EP2】,JdXZ1b-wX-8,UgwwKnoyBuw_6etJpEZ4AaABAg,UC_cEyqE16v5OBbn7EzLgIPQ,@kaoru1203,吃生蠔🦪 目的性太強了吧！,5 天前,0,False,0.650981491561674,Positive
開箱巴黎路邊的公廁！嬙姐聽到驚喜的反應是？【巴黎行EP2】,JdXZ1b-wX-8,Ugz3SkOL7C-MB_7IuPZ4AaABAg,UCVQCuvs72MiM5jHZ4cS0_3A,@che-mingliu1052,原來瑪萊是真實存在的,5 天前,0,False,0.539655967598961,Neutral
開箱巴黎路邊的公廁！嬙姐聽到驚喜的反應是？【巴黎行EP2】,JdXZ1b-wX-8,UgxkU1ie045J1zOCIkl4AaABAg,UCRUV_Y1MXstDzE21KdkmTzQ,@Thelandis317,希望嬙姐的鏡頭可以多一點(逃~~,5 天前,0,False,0.7288742905525354,Positive
開箱巴黎路邊的公廁！嬙姐聽到驚喜的反應是？【巴黎行EP2】,JdXZ1b-wX-8,Ugwl0JeSTs_CWBqsusB4AaABAg,UC-7aVQ_5-z9NA_tjChvuLpA,@陶To-o2j-v8y,萬事都是從朋友開始！,5 天前,0,False,0.6588899153121369,Positive
開箱巴黎路邊的公廁！嬙姐聽到驚喜的反應是？【巴黎行EP2】,JdXZ1b-wX-8,UgyJfXlZd1_viidgsAx4AaABAg,UCkjJZGgjDuhcq3tTUV7YnJA,@小東-t1t,看到那個海鮮大餐，好像我老婆要找我晚上運動的晚餐耶，確定是要去投200局?,5 天前,0,False,0.3103026631505993,Negative
開箱巴黎路邊的公廁！嬙姐聽到驚喜的反應是？【巴黎行EP2】,JdXZ1b-wX-8,UgwSF2hG8-5QA_ZGBKl4AaABAg,UCfVDUmP2ey7FuXR5dVNBq0g,@小農小事小藍,韃靼牛肉，生蠔蝦子，餐酒試飲，滿滿的豆豆先生影片元素！,5 天前,1,False,0.005949583752273724,Negative
開箱巴黎路邊的公廁！嬙姐聽到驚喜的反應是？【巴黎行EP2】,JdXZ1b-wX-8,Ugxbyed_DzeM0qTppcZ4AaABAg,UC6zf0Lxpld3tP1f4_jnTeYw,@AndersonGene,這集Josh男友力爆發，居然能意外買到票給嬙姐驚喜，不管是 嬙姐或船長還是小崔還是雅惟還有小南，反正有CP我都嗑好嗑滿。,5 天前,30,False,0.8477855468735329,Positive
開箱巴黎路邊的公廁！嬙姐聽到驚喜的反應是？【巴黎行EP2】,JdXZ1b-wX-8,UgxMbyjzVdTRd2Zg7Qp4AaABAg,UCAeoMvVxKGfsxeQTetJgzxQ,@roytai80,跟嬙姐吃生蠔…..,5 天前,1,False,0.4790275671054883,Neutral
開箱巴黎路邊的公廁！嬙姐聽到驚喜的反應是？【巴黎行EP2】,JdXZ1b-wX-8,UgytBaNsC42XKbBOou54AaABAg,UCWWuPpS7oq2RCvUK8cUYGbg,@jasonlan2806,各種運動哽都可以互相拋接，太合了吧！,5 天前,19,False,0.7481184433797075,Positive
開箱巴黎路邊的公廁！嬙姐聽到驚喜的反應是？【巴黎行EP2】,JdXZ1b-wX-8,Ugw-M3eXxeSBlx-nl3p4AaABAg,UCucRk6t91ldAIE1GvD_4VgA,@Iamoilfish,8:23 有下雨但是地面沒起霧 光線反射到地上好像也蠻好看的：0,5 天前,1,False,0.040594780111997575,Negative
開箱巴黎路邊的公廁！嬙姐聽到驚喜的反應是？【巴黎行EP2】,JdXZ1b-wX-8,UgxvpW8rrflAs_qrUU94AaABAg,UCs73OZxi2QdGEOgJgUgIVJw,@yirenchan7868,你們相信我她們沒有在一起還是小心我是秦始皇 😂,5 天前,3,False,0.2849750674199413,Negative
開箱巴黎路邊的公廁！嬙姐聽到驚喜的反應是？【巴黎行EP2】,JdXZ1b-wX-8,Ugx0gCaoHiRkpR_MKAl4AaABAg,UCpEH3gaY2yhAfdUYyy6I1vg,@r881011,Josh會去14區走走嗎？14區就是14e arrondissement，推薦大家看Paris je t'aime 14e arrondissement。,5 天前,0,False,0.02961105865040725,Negative
開箱巴黎路邊的公廁！嬙姐聽到驚喜的反應是？【巴黎行EP2】,JdXZ1b-wX-8,Ugzo0W_fY_MH1GyQr-R4AaABAg,UCMrKnuhC6DXfZykZ0qnkmFQ,@thlnl-mal47,如果Josh下次還想來巴黎的話 除了Tarte de Beauf 韃但牛肉外 也可以點steak l'entrkote 有台灣牛排館那種奶油黑胡椒醬的牛排搭配薯條 這兩道都是Brasserie 啤酒屋常見的菜色 比較類似台灣的熱炒店 如果想要嘗試一點法國特色 Confit du Canard 油封鴨胸也是可以嘗試的 但巴黎的Confit du canard通常都是比較傳統作法油會超級多 可能要斟酌自己的口味 還有下次去海鮮的話 可以注意生蠔是在Bretagne 布列塔尼大區或者是 Antlantique大西洋Sud Ouest 地區 布列塔尼北法生蠔水域比較寒冷比較大顆海鮮味很濃厚 搭配白酒跟鴨肝醬還有淋上橄欖油味道很不錯 很像東山籃記丫頭打成泥加上東石烤鮮蚵的美味  南邊 波爾多 拉羅歇爾 波城 大西洋地區的生蠔比較小顆 但相對沒那麼鹹 搭配酒跟Baugette麵包可能口味比較符合台灣人審美 下次有機會再去巴黎可以多嘗試XD  至於酒類一般法國通常都會試喝環節 紅酒跟白酒又是另外一個環節 但說到底還是自己喜歡什麼口味重要XD,5 天前,1,False,2.6065553715426404e-08,Negative
開箱巴黎路邊的公廁！嬙姐聽到驚喜的反應是？【巴黎行EP2】,JdXZ1b-wX-8,UgwPtvByi1Nf8sPtHSJ4AaABAg,UCfRpia77_lUN8UBCnyyvfUw,@de-jp,好了  你們相信他們沒有在一起還是相信我是秦始皇,5 天前,0,False,0.8768428046067643,Positive
開箱巴黎路邊的公廁！嬙姐聽到驚喜的反應是？【巴黎行EP2】,JdXZ1b-wX-8,UgyUWFI4hIJJaxZjn0V4AaABAg,UCBqiNKmcx5VWHjBNq0_pBSA,@楊文貴-b5h,唯一支持嬙姊❤,5 天前,2,False,0.14668131631769465,Negative
開箱巴黎路邊的公廁！嬙姐聽到驚喜的反應是？【巴黎行EP2】,JdXZ1b-wX-8,UgwmScpXxyb6-G3n_4Z4AaABAg,UCuopSZTt_FOyLFtH_8G3Y_Q,@很強-s8c,他們兩個真的很搭欸😊,5 天前,2,False,0.20093453040833875,Negative
開箱巴黎路邊的公廁！嬙姐聽到驚喜的反應是？【巴黎行EP2】,JdXZ1b-wX-8,UgwLllMcYm4Ajk4MJFl4AaABAg,UCR8AqejYMqTiCpKI4uZbHOw,@sgps21103,看到兩個人同時GET到伊藤大海的梗就覺得這兩個人該結婚,5 天前,43,False,0.00248078120829065,Negative
開箱巴黎路邊的公廁！嬙姐聽到驚喜的反應是？【巴黎行EP2】,JdXZ1b-wX-8,Ugy-65PSXkzSprSWSIF4AaABAg,UCx0rDFSdVrxwvH5OjTZ-wog,@ta-juliu5935,那個酒是先讓你試試 看看有沒有壞掉,5 天前,0,False,0.03175070492111409,Negative
開箱巴黎路邊的公廁！嬙姐聽到驚喜的反應是？【巴黎行EP2】,JdXZ1b-wX-8,UgwgpLgfAW_p10cS2xV4AaABAg,UCOI0A3LyrgCCmtux7nQ23uA,@ncisnsa,還是坐電梯,5 天前,0,False,0.4131883732994476,Neutral
開箱巴黎路邊的公廁！嬙姐聽到驚喜的反應是？【巴黎行EP2】,JdXZ1b-wX-8,UgzbUJAJagyADzspk154AaABAg,UC69WzIiSndk1ZPlFSj75Msw,@a.hong.0507,你們交往多久了？,5 天前,4,False,0.7517521850943939,Positive
開箱巴黎路邊的公廁！嬙姐聽到驚喜的反應是？【巴黎行EP2】,JdXZ1b-wX-8,UgzkMxYWpV4wmNCm3bp4AaABAg,UCj4XKS5kWicjScvnuuZ-VgQ,@草鹿男,特地跑到巴黎回味躲公廁的時光，這也太下重本了,5 天前,1,False,0.9276689417932356,Positive
開箱巴黎路邊的公廁！嬙姐聽到驚喜的反應是？【巴黎行EP2】,JdXZ1b-wX-8,UgyZuBOlaoYBs1dvDcN4AaABAg,UCNnc00WNnFMIs7sOAE0SXfQ,@wanthony3508,點了生蠔蝦子，配了白酒！拼了啦,5 天前,1,False,0.15357712572734217,Negative
開箱巴黎路邊的公廁！嬙姐聽到驚喜的反應是？【巴黎行EP2】,JdXZ1b-wX-8,UgylMp0ZTce3okyXf854AaABAg,UCM1ti5NsrHFt0KVMQpcSrMQ,@chiang_paul,😂😂謝謝你的分享與介紹❤❤,5 天前,0,False,0.806661722967709,Positive
開箱巴黎路邊的公廁！嬙姐聽到驚喜的反應是？【巴黎行EP2】,JdXZ1b-wX-8,UgyMXscq_WpKpgKbP6Z4AaABAg,UCWzk4PiaQigL7jmiiOmiKiA,@norbelthomas,最後那個是直男替心儀的女生完成小夢想的口吻嗎？非常甜,5 天前,8,False,0.6814541490442356,Positive
開箱巴黎路邊的公廁！嬙姐聽到驚喜的反應是？【巴黎行EP2】,JdXZ1b-wX-8,UgwVg2EI1aaPHcdFQ014AaABAg,UC3TIvmpTAjwJyLusrWovDjw,@湯維喆-k8l,爬過義大利各大教堂的才知道什麼叫做走樓梯走到絕望,5 天前,0,False,0.27774565580785127,Negative
開箱巴黎路邊的公廁！嬙姐聽到驚喜的反應是？【巴黎行EP2】,JdXZ1b-wX-8,UgzpPaQs-RtFqr28VJ94AaABAg,UCh6TiqSExXnRfazoic_25yg,@wadechen5821,5:21 正片開始,5 天前,0,False,0.44767845850986676,Neutral
開箱巴黎路邊的公廁！嬙姐聽到驚喜的反應是？【巴黎行EP2】,JdXZ1b-wX-8,UgyPaCNR1GV4VVaY7nx4AaABAg,UCp2f9NxvqJqWHAkAYjeYtaw,@Alan_923_Chuang,原來不是嬙姐聽到開箱公廁的驚喜反應,5 天前,5,False,0.04340658493873284,Negative
開箱巴黎路邊的公廁！嬙姐聽到驚喜的反應是？【巴黎行EP2】,JdXZ1b-wX-8,UgxCcJAC14GZGejFzJd4AaABAg,UCH6qi8KLF-E7K4Gu4bZp8yA,@LIUPPOT,原來是為愛而奔走 陪著牆姐去工作,5 天前,27,False,0.8799535299104817,Positive
開箱巴黎路邊的公廁！嬙姐聽到驚喜的反應是？【巴黎行EP2】,JdXZ1b-wX-8,UgzbUJAJagyADzspk154AaABAg.APnOOfivMD3APnwwqStXlF,UCHYIVM54gvzWxMGzM5VUMEg,@yehcamby5673,聰明人😊,5 天前,0,True,0.5181975285615493,Neutral
開箱巴黎路邊的公廁！嬙姐聽到驚喜的反應是？【巴黎行EP2】,JdXZ1b-wX-8,UgzbUJAJagyADzspk154AaABAg.APnOOfivMD3APoG7tze_Cv,UCxSg-WRiym1qIF7cOnfvt5Q,@toumachang1429,好一個直球對決！,5 天前,0,True,0.08606672817345729,Negative
開箱巴黎路邊的公廁！嬙姐聽到驚喜的反應是？【巴黎行EP2】,JdXZ1b-wX-8,UgxOA6f_wzEA89MvX5J4AaABAg,UCkrVd-KhjWN0BRYhP2uaRrg,@chenmike5643,"我正在看一位成功男士的感情紀錄片
只是影片後半部都是白色的可否解釋一下是什麼狀況🤣",5 天前,12,False,0.7675148824771679,Positive
開箱巴黎路邊的公廁！嬙姐聽到驚喜的反應是？【巴黎行EP2】,JdXZ1b-wX-8,Ugy_wpN1KTnlYsWbMC54AaABAg,UCLjvRYpidmKPn1XTcmUvL8Q,@Bruns-y3j,嬙姐在法國工作?,5 天前,0,False,0.9260947566804614,Positive
開箱巴黎路邊的公廁！嬙姐聽到驚喜的反應是？【巴黎行EP2】,JdXZ1b-wX-8,UgyAPKrsu3uMVuZ2xA54AaABAg,UCJMvDTtTxXN1RF0ICzs2h-g,@volleyeryu,未看先推 週更戀綜😆,5 天前,36,False,0.3242522264047427,Negative
開箱巴黎路邊的公廁！嬙姐聽到驚喜的反應是？【巴黎行EP2】,JdXZ1b-wX-8,UgzpM5__6duLWsBTjeN4AaABAg,UC-adC6cmTpe8TDjCpw9iQvA,@Eddy_Chenggg,生蠔讚,5 天前,1,False,0.5128009125262745,Neutral
開箱巴黎路邊的公廁！嬙姐聽到驚喜的反應是？【巴黎行EP2】,JdXZ1b-wX-8,UgwJp9r40w-6OxMW0O54AaABAg,UCQsizfLfSZry9KHT0qrt-ng,@PennyChen31029,KKcity?,5 天前,0,False,0.5,Neutral
開箱巴黎路邊的公廁！嬙姐聽到驚喜的反應是？【巴黎行EP2】,JdXZ1b-wX-8,UgzFMFnnzOpMQbfmLpN4AaABAg,UC3CuA3N44qOADkGEHFI5kSw,@paws7983,13:02 嬙姐超絕可愛扶臉,5 天前,75,False,0.9301750346469393,Positive
開箱巴黎路邊的公廁！嬙姐聽到驚喜的反應是？【巴黎行EP2】,JdXZ1b-wX-8,UgwxtcAaG8l2Y4oGzsp4AaABAg,UCzJ7yRZp6QrEyBYv9dMseDQ,@kenchen1152,"hmm...合理懷疑,hmm...",5 天前,0,False,0.44767845850986676,Neutral
開箱巴黎路邊的公廁！嬙姐聽到驚喜的反應是？【巴黎行EP2】,JdXZ1b-wX-8,UgwsvqxwImvhaArLuYR4AaABAg,UCXuTYA0GEGCqoXIvcyC1dHg,@吳宗霖-d9g,看來明年阪神虎涼涼了，想想另外一頭教士隊，看來下一隊要被嗨的保重囉😅,5 天前,3,False,0.867346782838844,Positive
開箱巴黎路邊的公廁！嬙姐聽到驚喜的反應是？【巴黎行EP2】,JdXZ1b-wX-8,Ugwqys_SBwwodUxQ3ZR4AaABAg,UC-BzjwogX7pHQ3Cf8Fi-6qQ,@烏魯木潔,單身有夠快樂呀🎉,5 天前,5,False,0.9599145635268806,Positive
開箱巴黎路邊的公廁！嬙姐聽到驚喜的反應是？【巴黎行EP2】,JdXZ1b-wX-8,Ugz7htQYGZeCqJ65jN14AaABAg,UCcpJtk1CMeXQoz6F7n4USog,@howardlee5616,嬙姐出現之後全程姨母笑到結束,5 天前,41,False,0.9911634263101611,Positive
開箱巴黎路邊的公廁！嬙姐聽到驚喜的反應是？【巴黎行EP2】,JdXZ1b-wX-8,Ugxki0S-2MYHazJ-Uy14AaABAg,UCdi4gK7Rpx314OFw4ZWSFmA,@gotshow123,"該不會這次JOSH法國行的主要目就是去地下墓穴吧...
補充咒術之力!!",5 天前,0,False,0.03924813131137472,Negative
開箱巴黎路邊的公廁！嬙姐聽到驚喜的反應是？【巴黎行EP2】,JdXZ1b-wX-8,UgwjAJV2fEcO55FrYRR4AaABAg,UC4W8RihjqmHDr8ukaTJliWA,@HL鴻-o8e,我前年這時候去巴黎剛好60歲也可以爬上凱旋門頂,5 天前,6,False,0.03134375218265051,Negative
開箱巴黎路邊的公廁！嬙姐聽到驚喜的反應是？【巴黎行EP2】,JdXZ1b-wX-8,UgzhCHEqZ_7Xe8K3zjZ4AaABAg,UCtDdaG3XmCzALmeli3nrVsA,@HCWang-wi5mt,嬙姐真的有夠美的 ❤ 圈粉,5 天前,5,False,0.5639995305872249,Neutral
開箱巴黎路邊的公廁！嬙姐聽到驚喜的反應是？【巴黎行EP2】,JdXZ1b-wX-8,Ugxe3yVvy2CDtkNkYj54AaABAg,UC62J9GNjTgQHgN0uJWPHXdA,@沒事就好-r5l,誰來分析一下嬙姊手上的戒指...右手中指ㄝ!!!,5 天前,0,False,0.18629251167325944,Negative
開箱巴黎路邊的公廁！嬙姐聽到驚喜的反應是？【巴黎行EP2】,JdXZ1b-wX-8,UgzXtmcmhIbvTdxcuS54AaABAg,UCvuGV4EkbMkT8Dr_BLtn2nQ,@CCH1101,有嬙姐肯定要熱推的❤❤❤,5 天前,5,False,0.12407615995464227,Negative
開箱巴黎路邊的公廁！嬙姐聽到驚喜的反應是？【巴黎行EP2】,JdXZ1b-wX-8,UgwKEV_XMSAUliYxLgN4AaABAg,UCnoHrBKjzH7coTxkAhMNvrw,@cpc1259,"今天重磅消息,然後國師你給我們上這片~🤣",5 天前,4,False,0.13476365454163763,Negative
開箱巴黎路邊的公廁！嬙姐聽到驚喜的反應是？【巴黎行EP2】,JdXZ1b-wX-8,UgyHOChmGyu4Ugyp7DZ4AaABAg,UC-36gg0iUPzQovAOx5Rt_Dw,@yenshaokuo,葡萄酒文化裡，侍酒師會先倒一點給你試酒，看看你覺得ＯＫ不ＯＫ,5 天前,4,False,0.0009828050686004897,Negative
開箱巴黎路邊的公廁！嬙姐聽到驚喜的反應是？【巴黎行EP2】,JdXZ1b-wX-8,UgxBF4e4fEEUAMyJjxl4AaABAg,UCrfL8Pvzwang82VjP_1D22w,@erlic6434,前半段是自由放風的男人！ 後半段是幸福放閃的男人！,5 天前,17,False,0.6573714404985992,Positive
兩個台南人完全被法國的甜點收服了！第一餐就直接挑戰吃蝸牛？來場沒做功課的巴黎自由行！【巴黎行EP1】,aNAb0iPXtqg,UgzKPdHm19fWT0bjhMN4AaABAg,UCWAgfxHuoVWm4rmqYwoKvlw,@tainanjosh,"大家都知道這集的重點是什麼吧？肯定是Josh x 韓國BRANDEN 二代超強收納袋團 
☞ 團購連結： https://gbf.tw/0okae",12 天前,157,False,0.9017716204072328,Positive
兩個台南人完全被法國的甜點收服了！第一餐就直接挑戰吃蝸牛？來場沒做功課的巴黎自由行！【巴黎行EP1】,aNAb0iPXtqg,UgynkFS_nE4beRP2-rN4AaABAg,UCAycdYTqv26QZkANmi9PP5g,@xiaoyu254,有人知道嬙姐的ig嘛？,1 天前,0,False,0.5020084015608197,Neutral
兩個台南人完全被法國的甜點收服了！第一餐就直接挑戰吃蝸牛？來場沒做功課的巴黎自由行！【巴黎行EP1】,aNAb0iPXtqg,UgzDU4YLb8yjad2UUNJ4AaABAg,UCxNBsyofnzx_4b3xGltXq8A,@aha7024,真的很替josh感到開心,2 天前,0,False,0.8295843014185559,Positive
兩個台南人完全被法國的甜點收服了！第一餐就直接挑戰吃蝸牛？來場沒做功課的巴黎自由行！【巴黎行EP1】,aNAb0iPXtqg,Ugy047Pu17Y6WyXbRy14AaABAg,UCuVUBP3N66Tr6pGFtapfNaw,@Riiichiiie,孤男寡女同遊法國🇫🇷還要說純友誼就太牽嬙了啦😂,4 天前,1,False,0.8108363573472119,Positive
兩個台南人完全被法國的甜點收服了！第一餐就直接挑戰吃蝸牛？來場沒做功課的巴黎自由行！【巴黎行EP1】,aNAb0iPXtqg,UgzysquOW9TPrRLrKkd4AaABAg,UCPtVXJpXs7lxkYUGVDpEPkA,@finalkller,嬙姐的英文名字應該沒有A的吧,4 天前,0,False,0.06610901370969513,Negative
兩個台南人完全被法國的甜點收服了！第一餐就直接挑戰吃蝸牛？來場沒做功課的巴黎自由行！【巴黎行EP1】,aNAb0iPXtqg,Ugzyw_3p2-Z2c2y6uYV4AaABAg,UCapMyz0eA5CrrTmVbw3kcgw,@出出,Black Snell ??? 😅😅😅😅😅,5 天前,1,False,0.2110871452418377,Negative
兩個台南人完全被法國的甜點收服了！第一餐就直接挑戰吃蝸牛？來場沒做功課的巴黎自由行！【巴黎行EP1】,aNAb0iPXtqg,Ugzlo2LEq7SLDFBYVkl4AaABAg,UC-P46CR6O0YJZmjQimuoR4g,@johnwick65998,兩人出遊 只有一張雙人床,5 天前,0,False,0.9218473938804609,Positive
兩個台南人完全被法國的甜點收服了！第一餐就直接挑戰吃蝸牛？來場沒做功課的巴黎自由行！【巴黎行EP1】,aNAb0iPXtqg,Ugx8ZJedBQZVYbcTFI14AaABAg,UCh_4nifpaO8e9FK0nVtIu8w,@chi-chengchen8568,是買到兒童票嗎?🤔,6 天前,0,False,0.08361671360835266,Negative
兩個台南人完全被法國的甜點收服了！第一餐就直接挑戰吃蝸牛？來場沒做功課的巴黎自由行！【巴黎行EP1】,aNAb0iPXtqg,UgwuOHOyMxObUNt660p4AaABAg,UCD_jZ_E-S4Oi1CIooOCUYQA,@dormammuultron7928,Amber呢?,7 天前,0,False,0.5,Neutral
兩個台南人完全被法國的甜點收服了！第一餐就直接挑戰吃蝸牛？來場沒做功課的巴黎自由行！【巴黎行EP1】,aNAb0iPXtqg,UgwNBg3HzW-t46cpZdR4AaABAg,UC1h96oLs6kuLemBoi6VaQ_A,@王相勛,不是~哥們!你煙霧彈也太多了吧，你給大家一個確定的吧🤣,7 天前,0,False,0.013373977852754515,Negative
兩個台南人完全被法國的甜點收服了！第一餐就直接挑戰吃蝸牛？來場沒做功課的巴黎自由行！【巴黎行EP1】,aNAb0iPXtqg,UgwArGSISfynJkYdmB94AaABAg,UClBsSrHKxGQp-XQ0c739BEg,@小美劉-v3o,可以po蘋果酒的照片嗎？,7 天前,0,False,0.18752019430586553,Negative
兩個台南人完全被法國的甜點收服了！第一餐就直接挑戰吃蝸牛？來場沒做功課的巴黎自由行！【巴黎行EP1】,aNAb0iPXtqg,UgwuFNJJHvu-Ww2Z4M94AaABAg,UCZp8h68US9TqrUICvjNGcKw,@CindyChung-se1he,穩了😊,7 天前,0,False,0.4737672181921908,Neutral
兩個台南人完全被法國的甜點收服了！第一餐就直接挑戰吃蝸牛？來場沒做功課的巴黎自由行！【巴黎行EP1】,aNAb0iPXtqg,Ugxz7gkfGpxFpg4EWFt4AaABAg,UC7709T6bOECGDula7BDvCPw,@蕭杏芝,你都很會出去玩，但沒有安娜對吧Josh,8 天前,1,False,0.9310761404478219,Positive
兩個台南人完全被法國的甜點收服了！第一餐就直接挑戰吃蝸牛？來場沒做功課的巴黎自由行！【巴黎行EP1】,aNAb0iPXtqg,Ugy2ZB_Z9FlN3mNmVfh4AaABAg,UCvcXDdQQXFtl-bKRMzf_cuQ,@sct0830,"小心那條線喔~
跨過去就不適朋友了(嗯?",8 天前,0,False,0.34241440330045725,Negative
兩個台南人完全被法國的甜點收服了！第一餐就直接挑戰吃蝸牛？來場沒做功課的巴黎自由行！【巴黎行EP1】,aNAb0iPXtqg,UgxI31XwRD-QBRGHI_14AaABAg,UC1Ya2Yr8iQs8ENEx3TWnCTw,@YeKevin1992,單獨兩個人出遊 很可以!,8 天前,0,False,0.4975486876223878,Neutral
兩個台南人完全被法國的甜點收服了！第一餐就直接挑戰吃蝸牛？來場沒做功課的巴黎自由行！【巴黎行EP1】,aNAb0iPXtqg,UgyzQfBalm18JLSN1-d4AaABAg,UCWSlU0YYujKJ9C95nGrm_VA,@江衍範-c3s,josh可以談談一集wbc日本隊徵招旅美球員概況及衍伸井端弘和質疑mlb拖延相關程序嗎?,8 天前,0,False,0.18402626157652158,Negative
兩個台南人完全被法國的甜點收服了！第一餐就直接挑戰吃蝸牛？來場沒做功課的巴黎自由行！【巴黎行EP1】,aNAb0iPXtqg,UgzGXZGexgkjhI6GiYd4AaABAg,UCsxl7mla_L5Iza0-Zf5EJJg,@aka4127,Josh 撞臉33歲~MLB國民新總教練,8 天前,0,False,0.9857148343111843,Positive
兩個台南人完全被法國的甜點收服了！第一餐就直接挑戰吃蝸牛？來場沒做功課的巴黎自由行！【巴黎行EP1】,aNAb0iPXtqg,Ugw30FQ7xfFyg48-fsR4AaABAg,UCsxl7mla_L5Iza0-Zf5EJJg,@aka4127,Josh 撞臉33歲~MLB國民新總教練,8 天前,0,False,0.9857148343111843,Positive
兩個台南人完全被法國的甜點收服了！第一餐就直接挑戰吃蝸牛？來場沒做功課的巴黎自由行！【巴黎行EP1】,aNAb0iPXtqg,UgwZw-wwNZsQQYPWVVF4AaABAg,UCsxl7mla_L5Iza0-Zf5EJJg,@aka4127,Josh 撞臉33歲~MLB國民新總教練,8 天前,0,False,0.9857148343111843,Positive
兩個台南人完全被法國的甜點收服了！第一餐就直接挑戰吃蝸牛？來場沒做功課的巴黎自由行！【巴黎行EP1】,aNAb0iPXtqg,Ugx46W3NWTyxXF-n88J4AaABAg,UC2BjlSQpvoHz9aQAD4v2bDA,@正本-v8u,祝福你們❤,9 天前,0,False,0.7879100942293414,Positive
兩個台南人完全被法國的甜點收服了！第一餐就直接挑戰吃蝸牛？來場沒做功課的巴黎自由行！【巴黎行EP1】,aNAb0iPXtqg,UgzKPdHm19fWT0bjhMN4AaABAg.APVv83BqmC3APVzV984Acd,UCoHyhmHTLFa85rjNwM_y1Gw,@nicholastsai1121,真牽嬙(?)🤣🤣🤣,12 天前,94,True,0.45192593495698663,Neutral
兩個台南人完全被法國的甜點收服了！第一餐就直接挑戰吃蝸牛？來場沒做功課的巴黎自由行！【巴黎行EP1】,aNAb0iPXtqg,UgzKPdHm19fWT0bjhMN4AaABAg.APVv83BqmC3APWSDDxkJCB,UCWKld_dv1z2xipNQTZq8B5A,@aegefds,超嬙收納袋🤣,12 天前,37,True,0.17402192564238728,Negative
兩個台南人完全被法國的甜點收服了！第一餐就直接挑戰吃蝸牛？來場沒做功課的巴黎自由行！【巴黎行EP1】,aNAb0iPXtqg,UgzKPdHm19fWT0bjhMN4AaABAg.APVv83BqmC3APck1ZBzO3h,UCoVfJc8eVWgIlyuWf2oH8BQ,@tony_tony_huang,Josh的牽嬙收納袋,9 天前,2,True,0.14226342114311263,Negative
兩個台南人完全被法國的甜點收服了！第一餐就直接挑戰吃蝸牛？來場沒做功課的巴黎自由行！【巴黎行EP1】,aNAb0iPXtqg,UgzysquOW9TPrRLrKkd4AaABAg.APpRytRwR6AAPwFHQTjrxB,UCJ0EwAWXdL16r7Mk11aynSw,@x07265,​@ckksh黃婕妤完了😂,2 天前,0,True,0.5641846800633253,Neutral
兩個台南人完全被法國的甜點收服了！第一餐就直接挑戰吃蝸牛？來場沒做功課的巴黎自由行！【巴黎行EP1】,aNAb0iPXtqg,UgwuOHOyMxObUNt660p4AaABAg.APjD4IOu1Y-APk32IzDRk_,UCkiMBTs3GnQSrC1CaJKD1ww,@Xian_no,兄弟你那邊還來的及，all in輝達就對了,6 天前,3,True,0.7747582131866059,Positive
兩個台南人完全被法國的甜點收服了！第一餐就直接挑戰吃蝸牛？來場沒做功課的巴黎自由行！【巴黎行EP1】,aNAb0iPXtqg,UgwuOHOyMxObUNt660p4AaABAg.APjD4IOu1Y-APkES7y81dT,UCD_jZ_E-S4Oi1CIooOCUYQA,@dormammuultron7928, @Xian_no  我已經加槓桿做多黃金期貨了....還allin輝達??!!,6 天前,1,True,0.019377998697183596,Negative
兩個台南人完全被法國的甜點收服了！第一餐就直接挑戰吃蝸牛？來場沒做功課的巴黎自由行！【巴黎行EP1】,aNAb0iPXtqg,UgwNBg3HzW-t46cpZdR4AaABAg.APiAA9j-DRGAPjQHZyDyEk,UCJ0EwAWXdL16r7Mk11aynSw,@x07265,結果最後是Travis就好笑了😂,7 天前,0,True,0.15871970247856282,Negative
兩個台南人完全被法國的甜點收服了！第一餐就直接挑戰吃蝸牛？來場沒做功課的巴黎自由行！【巴黎行EP1】,aNAb0iPXtqg,UgydAd1C3FTSfajB0PZ4AaABAg,UCZvCm8gRO0lJ9gm70edcA1w,@江爵宇-y6h,為什麼這部是白色的看不到畫面@@,9 天前,1,False,0.1346626239041001,Negative
兩個台南人完全被法國的甜點收服了！第一餐就直接挑戰吃蝸牛？來場沒做功課的巴黎自由行！【巴黎行EP1】,aNAb0iPXtqg,UgzJxWy5p8FDZnfLc-54AaABAg,UCoVfJc8eVWgIlyuWf2oH8BQ,@tony_tony_huang,我為什麼要花18分鐘看Josh談戀愛！！！  怒噓！！,9 天前,1,False,0.4081386701725791,Neutral
兩個台南人完全被法國的甜點收服了！第一餐就直接挑戰吃蝸牛？來場沒做功課的巴黎自由行！【巴黎行EP1】,aNAb0iPXtqg,UgzLTTVP4QZ135C6dKl4AaABAg,UC77Wb6P_ZYZQ18Z1C1wBRbw,@jiahua8472,你們兩個 是情侶吧,9 天前,1,False,0.13628509689519075,Negative
兩個台南人完全被法國的甜點收服了！第一餐就直接挑戰吃蝸牛？來場沒做功課的巴黎自由行！【巴黎行EP1】,aNAb0iPXtqg,Ugxf46lDLlekjNCIVyB4AaABAg,UC4v9ub6qvrpaHyKMJQV-Ddg,@goe4257,祝大家也可以遇到幸福 · 恭喜老爺、賀喜夫人！,10 天前,0,False,0.9990843084281544,Positive
兩個台南人完全被法國的甜點收服了！第一餐就直接挑戰吃蝸牛？來場沒做功課的巴黎自由行！【巴黎行EP1】,aNAb0iPXtqg,Ugx0gK-PJtBV4OtNtrR4AaABAg,UCV7JOCKutzLxr9gvUpnWiUQ,@Q大大,何時結婚,10 天前,2,False,0.26779983460187595,Negative
兩個台南人完全被法國的甜點收服了！第一餐就直接挑戰吃蝸牛？來場沒做功課的巴黎自由行！【巴黎行EP1】,aNAb0iPXtqg,UgxWYSm38OuyhPYzvE54AaABAg,UCCZSajKXf-T9CAPqoN0s3Cw,@hjcheng1484,世界大賽還在打，而且接了業配，怎麼想Josh都應該要在台灣開台比較合理。果然是愛情的力量,10 天前,0,False,0.7439516290564824,Positive
兩個台南人完全被法國的甜點收服了！第一餐就直接挑戰吃蝸牛？來場沒做功課的巴黎自由行！【巴黎行EP1】,aNAb0iPXtqg,UgyriI-Afs9y8pAyUBN4AaABAg,UCWzk4PiaQigL7jmiiOmiKiA,@norbelthomas,轉型成戀愛系YouTuber ？,10 天前,0,False,0.366857829785582,Negative
兩個台南人完全被法國的甜點收服了！第一餐就直接挑戰吃蝸牛？來場沒做功課的巴黎自由行！【巴黎行EP1】,aNAb0iPXtqg,Ugy-aK9HDKqPMeDs8Xd4AaABAg,UC30-VuAUZOxNLGAW9BmTkEg,@楊小P-h8c,想知道有誰跟我一樣，在工商時間開始後不斷在尋找一間房間住兩個人的蹤跡~~,10 天前,0,False,2.3573095476292494e-05,Negative
兩個台南人完全被法國的甜點收服了！第一餐就直接挑戰吃蝸牛？來場沒做功課的巴黎自由行！【巴黎行EP1】,aNAb0iPXtqg,Ugzgczhj33XKpOqboap4AaABAg,UCUim0CvIsZ3NIZBzDZb9_TA,@andy760121,還好不是去義大利，最近的披薩事件XD,10 天前,0,False,0.8149531590700668,Positive
兩個台南人完全被法國的甜點收服了！第一餐就直接挑戰吃蝸牛？來場沒做功課的巴黎自由行！【巴黎行EP1】,aNAb0iPXtqg,UgwGNBQ19IsOpFD6MgN4AaABAg,UC26ulDfh5IDaUOfswKFAkbA,@mikachang7739,"工商完影片就結束，
這個安排也是蠻特殊的。",10 天前,0,False,0.14171118144927475,Negative
兩個台南人完全被法國的甜點收服了！第一餐就直接挑戰吃蝸牛？來場沒做功課的巴黎自由行！【巴黎行EP1】,aNAb0iPXtqg,UgxBn2SOcvBhhLn7lf14AaABAg,UCxRu4q8Rfu9zxbpgob-HTiA,@henry7158,9:20分 水池是金牌特務車子開下去的那個水池嗎? 看起來好像,10 天前,0,False,0.003418814528327929,Negative
兩個台南人完全被法國的甜點收服了！第一餐就直接挑戰吃蝸牛？來場沒做功課的巴黎自由行！【巴黎行EP1】,aNAb0iPXtqg,UgwZsKugAyB07azkYf54AaABAg,UCAOwtNhZc_-zeRfW11xJPHg,@sos830331,這集重點就是你跟嬙姐單獨出去玩,10 天前,1,False,0.8162055545956886,Positive
兩個台南人完全被法國的甜點收服了！第一餐就直接挑戰吃蝸牛？來場沒做功課的巴黎自由行！【巴黎行EP1】,aNAb0iPXtqg,UgxVoujZeAdzr_Rgn5h4AaABAg,UCjcVDw5iUbyi7J74bmKzGTg,@1977misson,約會也可以水一片房貸，這個讚👍,10 天前,0,False,0.028782942111650334,Negative
兩個台南人完全被法國的甜點收服了！第一餐就直接挑戰吃蝸牛？來場沒做功課的巴黎自由行！【巴黎行EP1】,aNAb0iPXtqg,Ugz9rp1yxMc6sAgOe7h4AaABAg,UCsAcQE7ONGiYmRF1gYpDXAQ,@tammy10,博物館的pass可以免費上去凱玄門 很多人都直接闖馬路😂,10 天前,0,False,0.1335120628399643,Negative
兩個台南人完全被法國的甜點收服了！第一餐就直接挑戰吃蝸牛？來場沒做功課的巴黎自由行！【巴黎行EP1】,aNAb0iPXtqg,Ugw5ISKqbCeD99PGsHR4AaABAg,UCLOd8LfMYP8DRG3WPp2KhZw,@章魚燒-s1j,滿滿通靈王 笑死,10 天前,0,False,0.20067305416058812,Negative
兩個台南人完全被法國的甜點收服了！第一餐就直接挑戰吃蝸牛？來場沒做功課的巴黎自由行！【巴黎行EP1】,aNAb0iPXtqg,UgzsMdMOGhrgQkgOFwt4AaABAg,UCNiZKxT9ILsSrTSlMdWOQtg,@f623467020,"我以為我點進來台南JOSH的頻道，沒想到居然渣男JOSH(?
快官宣啦❤",10 天前,1,False,0.1096528751519682,Negative
兩個台南人完全被法國的甜點收服了！第一餐就直接挑戰吃蝸牛？來場沒做功課的巴黎自由行！【巴黎行EP1】,aNAb0iPXtqg,Ugy7n-hnjWPPDSRGJ354AaABAg,UCjnShVZ2gqcuEZTsPNeAr-w,@sapanpan,炫耀個屁啊！什麼意思！！！ 可惡…是嬙姐😭😭😭,10 天前,0,False,0.1150589990223213,Negative
兩個台南人完全被法國的甜點收服了！第一餐就直接挑戰吃蝸牛？來場沒做功課的巴黎自由行！【巴黎行EP1】,aNAb0iPXtqg,UgyAoKVQWdg0ia4GqGd4AaABAg,UCR1Kz17w_zgrMoZAzuvX8aQ,@whitegarbagg,最後的業配有夠燒,10 天前,1,False,0.9293175670258115,Positive
兩個台南人完全被法國的甜點收服了！第一餐就直接挑戰吃蝸牛？來場沒做功課的巴黎自由行！【巴黎行EP1】,aNAb0iPXtqg,UgyzyPoMW6ykTze_3H94AaABAg,UC4qASxla8PNWInYPFshrTlQ,@wugray9750,法國Josh：結婚日,10 天前,4,False,0.8298702116350563,Positive
兩個台南人完全被法國的甜點收服了！第一餐就直接挑戰吃蝸牛？來場沒做功課的巴黎自由行！【巴黎行EP1】,aNAb0iPXtqg,Ugy4YsnYpHWTae0OX-14AaABAg,UCCTgdyhIfTiRI1AWfZ86rnQ,@i-tihsu481,我也是還沒有準備，看個YT就被架許放閃直擊了,10 天前,0,False,0.004076915753692734,Negative
兩個台南人完全被法國的甜點收服了！第一餐就直接挑戰吃蝸牛？來場沒做功課的巴黎自由行！【巴黎行EP1】,aNAb0iPXtqg,UgxJDbH87VUmd9_5vKN4AaABAg,UCD9s-mJVEk4LWeke_0xK-aA,@9205142,怎麼沒去看一下PSG比賽,10 天前,0,False,0.16272402568378552,Negative
兩個台南人完全被法國的甜點收服了！第一餐就直接挑戰吃蝸牛？來場沒做功課的巴黎自由行！【巴黎行EP1】,aNAb0iPXtqg,UgxY2aocrRWsuoytdzV4AaABAg,UCO04Qb_p314NMYLH36KYyeA,@meloboy_183,ㄧ起出國玩還沒有ㄧ點貓膩的話也太嬙了😏,10 天前,1,False,0.5880256200658441,Neutral
兩個台南人完全被法國的甜點收服了！第一餐就直接挑戰吃蝸牛？來場沒做功課的巴黎自由行！【巴黎行EP1】,aNAb0iPXtqg,UgwoKsXtzf48psy8qYJ4AaABAg,UC4aXmeY9nwBPljlZYVBSXiA,@巴米克,為了掩人耳目，竟然還分開回國...,11 天前,9,False,0.027303920916037394,Negative
兩個台南人完全被法國的甜點收服了！第一餐就直接挑戰吃蝸牛？來場沒做功課的巴黎自由行！【巴黎行EP1】,aNAb0iPXtqg,UgzrZ_a3kjM2AtgN4uB4AaABAg,UCLsc9kKEynLOPN2m58-k3Wg,@c.joseph4913,"面對這波嬙攻 就算是三國賈詡來都守不住心房吧

記得接下來買車直上雙B",11 天前,3,False,0.9809068225405777,Positive
兩個台南人完全被法國的甜點收服了！第一餐就直接挑戰吃蝸牛？來場沒做功課的巴黎自由行！【巴黎行EP1】,aNAb0iPXtqg,Ugw-sGfzp4vYNUVd6wJ4AaABAg,UC7C3oXQtndDhzbx1IRzt7tA,@游智翔FIFI,果然球季結束才是精彩的開始,11 天前,3,False,0.9105366377706003,Positive
兩個台南人完全被法國的甜點收服了！第一餐就直接挑戰吃蝸牛？來場沒做功課的巴黎自由行！【巴黎行EP1】,aNAb0iPXtqg,Ugxfy3eWtHANPQtd_5x4AaABAg,UC3eaj5t1GYvOa8h9jukd_AQ,@starry9750,恭喜,11 天前,0,False,0.7499999999999999,Positive
兩個台南人完全被法國的甜點收服了！第一餐就直接挑戰吃蝸牛？來場沒做功課的巴黎自由行！【巴黎行EP1】,aNAb0iPXtqg,UgxZn657duI0a-VCqhx4AaABAg,UCCsTyHOqMRWYkdltTHOm4sA,@weichunlu2943,親眼在法國看見沒拿法棍的人被拿法棍的人追著跑⋯原來可當武器的傳說是真的😂,11 天前,2,False,0.6624316685787279,Positive
兩個台南人完全被法國的甜點收服了！第一餐就直接挑戰吃蝸牛？來場沒做功課的巴黎自由行！【巴黎行EP1】,aNAb0iPXtqg,UgxWDJEWcQghcQISf1h4AaABAg,UCRyz2qtW6kfXDij0oXdlxlg,@drRedStronger,找到羅浮宮珠寶被偷的原因了.......,11 天前,0,False,0.8244425698500485,Positive
兩個台南人完全被法國的甜點收服了！第一餐就直接挑戰吃蝸牛？來場沒做功課的巴黎自由行！【巴黎行EP1】,aNAb0iPXtqg,UgzUxa6JHALHN3-cHn94AaABAg,UCwLpFKm2prXuCaFUdUyygxg,@abcnelson654,嬙姐應該不會也是武術高手吧？,11 天前,0,False,0.08015662701291049,Negative
兩個台南人完全被法國的甜點收服了！第一餐就直接挑戰吃蝸牛？來場沒做功課的巴黎自由行！【巴黎行EP1】,aNAb0iPXtqg,UgxD4w8o-SB1odW29kV4AaABAg,UC_fhobgHWsEhzKumjutGtJA,@Neal8888,"9:38 考古
當初計畫興建玻璃金字塔沒有現在那麼受歡迎
法國人一開始超級嫌棄
建築師貝聿銘成為巴黎公敵 
走在巴黎路上被罵爆
甚至還有一名婦人朝他的皮鞋吐痰",11 天前,1,False,0.44749593758334516,Neutral
兩個台南人完全被法國的甜點收服了！第一餐就直接挑戰吃蝸牛？來場沒做功課的巴黎自由行！【巴黎行EP1】,aNAb0iPXtqg,UgyGsYzZTV5aUdJfURB4AaABAg,UCLcy12v8VCO_7CQr-TFCUmA,@blackpepperlolz,大家好 我是秦始皇,11 天前,0,False,0.837330186885676,Positive
兩個台南人完全被法國的甜點收服了！第一餐就直接挑戰吃蝸牛？來場沒做功課的巴黎自由行！【巴黎行EP1】,aNAb0iPXtqg,UgycwU2UGpkp_8-5lEd4AaABAg,UCwLpFKm2prXuCaFUdUyygxg,@abcnelson654,看來是官宣了,11 天前,1,False,0.7025824156455749,Positive
兩個台南人完全被法國的甜點收服了！第一餐就直接挑戰吃蝸牛？來場沒做功課的巴黎自由行！【巴黎行EP1】,aNAb0iPXtqg,Ugxu6TLJL0hoyw1I18l4AaABAg,UC8EIju2k0PbGyotE2SUkqGg,@kai._hsu8,閃😎,11 天前,0,False,0.4737672181921908,Neutral
兩個台南人完全被法國的甜點收服了！第一餐就直接挑戰吃蝸牛？來場沒做功課的巴黎自由行！【巴黎行EP1】,aNAb0iPXtqg,UgyUrrp4BqTdNZO2v3F4AaABAg,UCIR9isN-RA0R89SG6WvFBCw,@abbbabbb7049,請問 本集 是 法國觀光業 業配 嗎？,11 天前,0,False,0.9831017016457962,Positive
兩個台南人完全被法國的甜點收服了！第一餐就直接挑戰吃蝸牛？來場沒做功課的巴黎自由行！【巴黎行EP1】,aNAb0iPXtqg,Ugw0cMfIexqHVb2l-At4AaABAg,UC_gt0xmydq7tF5L_rx9IHLA,@陳銘祥-g4v,好好玩喔…,11 天前,0,False,0.4585164624583564,Neutral
兩個台南人完全被法國的甜點收服了！第一餐就直接挑戰吃蝸牛？來場沒做功課的巴黎自由行！【巴黎行EP1】,aNAb0iPXtqg,UgyhONd0nAAya0UeXCB4AaABAg,UC46gNvh1Rkh31ibGvLtD3uw,@annjacob3583,"幫大家畫重點
14:12 雙人床",11 天前,1,False,0.6685798544299039,Positive
兩個台南人完全被法國的甜點收服了！第一餐就直接挑戰吃蝸牛？來場沒做功課的巴黎自由行！【巴黎行EP1】,aNAb0iPXtqg,Ugz1bhQ9Hbe6UtbfBYJ4AaABAg,UCncKChXnrTyDSwT01sTi_4g,@SharkYing618,9:28 聽君一席話,11 天前,0,False,0.5324383923145574,Neutral
兩個台南人完全被法國的甜點收服了！第一餐就直接挑戰吃蝸牛？來場沒做功課的巴黎自由行！【巴黎行EP1】,aNAb0iPXtqg,UgzZym4juY60E3hVYaV4AaABAg,UCr_XF_1yj_J5WftN1o6u7SA,@ROCKER0022,直接訂一大床雙人房,11 天前,0,False,0.029849773643056854,Negative
兩個台南人完全被法國的甜點收服了！第一餐就直接挑戰吃蝸牛？來場沒做功課的巴黎自由行！【巴黎行EP1】,aNAb0iPXtqg,UgwAFeAOAJwMAegZKjB4AaABAg,UCUkDKS7As4nvCwQv0g8W2zA,@biore0330,這可以耶！🤭,11 天前,1,False,0.2281027497883128,Negative
兩個台南人完全被法國的甜點收服了！第一餐就直接挑戰吃蝸牛？來場沒做功課的巴黎自由行！【巴黎行EP1】,aNAb0iPXtqg,UgyHy4sx21K_qidOylZ4AaABAg,UCckWtdeyZwX6RCt38XcxxCg,@k0922389837,明年結婚我包8800,11 天前,2,False,0.8553728690227701,Positive
兩個台南人完全被法國的甜點收服了！第一餐就直接挑戰吃蝸牛？來場沒做功課的巴黎自由行！【巴黎行EP1】,aNAb0iPXtqg,UgzsZHR1eT3bZNHxX-h4AaABAg,UCEbNIePQJ2SfApe4xWQ6yNw,@李懿軒-i1u,請問在害羞什麼?是因為旅伴很重要嗎??',11 天前,1,False,0.24975204587758437,Negative
兩個台南人完全被法國的甜點收服了！第一餐就直接挑戰吃蝸牛？來場沒做功課的巴黎自由行！【巴黎行EP1】,aNAb0iPXtqg,UgzJsCxHXDz-0zQ0ESV4AaABAg,UCdbFIY20X0HYyuYa6wzZzrA,@jkw112013,結果我覺得最後這工商超讚！！！,11 天前,0,False,0.045881200833848945,Negative
兩個台南人完全被法國的甜點收服了！第一餐就直接挑戰吃蝸牛？來場沒做功課的巴黎自由行！【巴黎行EP1】,aNAb0iPXtqg,UgyP5bqwuTnJo9QHgft4AaABAg,UCXsULwBohCBUC4l1XQGXFAA,@鄉下老頭子,咦??紅髮呢???槴槴???這是官宣了??,11 天前,0,False,0.07306332130818582,Negative
兩個台南人完全被法國的甜點收服了！第一餐就直接挑戰吃蝸牛？來場沒做功課的巴黎自由行！【巴黎行EP1】,aNAb0iPXtqg,UgzPDmGJT6K3jbOjPch4AaABAg,UCQicUPGGBQdPEHQ1QGIVJpw,@enwei7003,Tutututu～～,11 天前,1,False,0.5,Neutral
兩個台南人完全被法國的甜點收服了！第一餐就直接挑戰吃蝸牛？來場沒做功課的巴黎自由行！【巴黎行EP1】,aNAb0iPXtqg,Ugzd2BPL2nUxXFhpbxd4AaABAg,UCeRdqSYgrW7xYNWKxVokKWw,@Managoman,一個曾經在婚姻觸礁，甚至是被暴力傷害的人，或許有一種關係是舒適相處，卻不用說破的美好狀態，無論是怎樣，能看到JOSH慢慢走出來，越來越好都支持 !!!,11 天前,6,False,0.9765109084151025,Positive
兩個台南人完全被法國的甜點收服了！第一餐就直接挑戰吃蝸牛？來場沒做功課的巴黎自由行！【巴黎行EP1】,aNAb0iPXtqg,UgyLyYNodVo2lfesC7V4AaABAg,UC5_Pa9mlkcwwgwnXtJGDoMQ,@neojay2803,"所以這個才是正宮是不是??

太多煙霧彈了  我已經搞混了",11 天前,1,False,0.0008843547601548041,Negative
兩個台南人完全被法國的甜點收服了！第一餐就直接挑戰吃蝸牛？來場沒做功課的巴黎自由行！【巴黎行EP1】,aNAb0iPXtqg,UgxuN2USaCkvMqYo_o54AaABAg,UChC0PqZpUpm-McQzcQ0kSIg,@黃岳斌-f3w,閃閃,11 天前,0,False,0.4737672181921908,Neutral
兩個台南人完全被法國的甜點收服了！第一餐就直接挑戰吃蝸牛？來場沒做功課的巴黎自由行！【巴黎行EP1】,aNAb0iPXtqg,UgzDSt4IYZDBaif57Wh4AaABAg,UCUZOf8Bct2jdqGbrumw9VGg,@cray1234lp,我相信你是秦始皇,11 天前,1,False,0.7499999999999999,Positive
兩個台南人完全被法國的甜點收服了！第一餐就直接挑戰吃蝸牛？來場沒做功課的巴黎自由行！【巴黎行EP1】,aNAb0iPXtqg,UgyOkIwoSegJAAPWoxB4AaABAg,UCTMnAGk8-xr-T22xyQtIaDA,@Kira-ye2uj,這是什麼戀綜的實境嗎,11 天前,1,False,0.5104655609677407,Neutral
兩個台南人完全被法國的甜點收服了！第一餐就直接挑戰吃蝸牛？來場沒做功課的巴黎自由行！【巴黎行EP1】,aNAb0iPXtqg,Ugx9x3_JIDQTyTs_Tr94AaABAg,UCKXaLCxN5pA6yiLxLxloWPA,@EasonYZ,7:58 josh棒球魂燃起,11 天前,2,False,0.9511431020718094,Positive
兩個台南人完全被法國的甜點收服了！第一餐就直接挑戰吃蝸牛？來場沒做功課的巴黎自由行！【巴黎行EP1】,aNAb0iPXtqg,UgzFrwncos-JbM-3BpR4AaABAg,UChmtO9WRTnUICBHT1H54mpw,@WLChangINM,看這集要戴墨鏡啊😎好甜好閃🤣,11 天前,1,False,0.9938226033110776,Positive
兩個台南人完全被法國的甜點收服了！第一餐就直接挑戰吃蝸牛？來場沒做功課的巴黎自由行！【巴黎行EP1】,aNAb0iPXtqg,Ugy1tP-VmGzueEQ2J8d4AaABAg,UCi6sebMntv78_qOQ5V2w1uA,@jimmyacsa,太牽嬙了吧,11 天前,1,False,0.298148925348961,Negative
兩個台南人完全被法國的甜點收服了！第一餐就直接挑戰吃蝸牛？來場沒做功課的巴黎自由行！【巴黎行EP1】,aNAb0iPXtqg,UgyIofxLS_T4evL1zk54AaABAg,UCow32tEGdb5nBsL65H5Q0Jg,@moore8946,這應該是約會影片吧🤩應該在一起了吧❤,11 天前,0,False,0.04637238003903288,Negative
兩個台南人完全被法國的甜點收服了！第一餐就直接挑戰吃蝸牛？來場沒做功課的巴黎自由行！【巴黎行EP1】,aNAb0iPXtqg,Ugx1liRhiAWyhzU5N9B4AaABAg,UC08od68m281AZmigcqxTMYQ,@789-o4e,03:39再說一次,11 天前,1,False,0.20800534725193232,Negative
兩個台南人完全被法國的甜點收服了！第一餐就直接挑戰吃蝸牛？來場沒做功課的巴黎自由行！【巴黎行EP1】,aNAb0iPXtqg,Ugx5FcXzdHmhr5tO5wt4AaABAg,UCvUECulNfjY3LSv8MKEd_bQ,@zzzclive,我說實在 這是我蜜月的行程 恭喜,11 天前,2,False,0.7535846405491073,Positive
兩個台南人完全被法國的甜點收服了！第一餐就直接挑戰吃蝸牛？來場沒做功課的巴黎自由行！【巴黎行EP1】,aNAb0iPXtqg,UgyrGPuB4t4TVdhmwkh4AaABAg,UC6pkcGFopYkW6WM3ZUzK67g,@elson3692,所以孤男寡女出遊14天是可以的嗎?,11 天前,14,False,0.43273899325261167,Neutral
兩個台南人完全被法國的甜點收服了！第一餐就直接挑戰吃蝸牛？來場沒做功課的巴黎自由行！【巴黎行EP1】,aNAb0iPXtqg,Ugz6MWyqIYDyu8e4AqJ4AaABAg,UCWDOSPDRuetyAqh_-R-tvkA,@money150,官宣了嗎,11 天前,1,False,0.2968422691882051,Negative
兩個台南人完全被法國的甜點收服了！第一餐就直接挑戰吃蝸牛？來場沒做功課的巴黎自由行！【巴黎行EP1】,aNAb0iPXtqg,Ugyj3K6uavXjJ2GFuFV4AaABAg,UCJMvDTtTxXN1RF0ICzs2h-g,@volleyeryu,"我點開一個棒球頻道
然後看到了戀綜
差評",11 天前,153,False,0.006609783178646689,Negative
兩個台南人完全被法國的甜點收服了！第一餐就直接挑戰吃蝸牛？來場沒做功課的巴黎自由行！【巴黎行EP1】,aNAb0iPXtqg,UgwEgJ2HedEOWRQm12N4AaABAg,UCYFX9P5RbAy8U7CYTZs0vEg,@CYH79,法棍真的是萬年佛心價...有政府會做事😂,11 天前,0,False,0.04266765040146436,Negative
兩個台南人完全被法國的甜點收服了！第一餐就直接挑戰吃蝸牛？來場沒做功課的巴黎自由行！【巴黎行EP1】,aNAb0iPXtqg,UgyK0c7f2IT929MD_m14AaABAg,UCD-6gaPSz2ncLbrjyya9cwQ,@morilichen6281,地下通道孵蛋,11 天前,0,False,0.3719844932010915,Negative
兩個台南人完全被法國的甜點收服了！第一餐就直接挑戰吃蝸牛？來場沒做功課的巴黎自由行！【巴黎行EP1】,aNAb0iPXtqg,Ugx2Bfe1dPuRwrrwH0Z4AaABAg,UC9FTb6lPU2ykCD2jdHH_J2w,@Hsin8888-p5s,"你們兩位趕快在一起吧❤

有共同興趣愛好，個性又相近！

請原地交往謝謝❤",11 天前,5,False,0.8689044180916338,Positive
兩個台南人完全被法國的甜點收服了！第一餐就直接挑戰吃蝸牛？來場沒做功課的巴黎自由行！【巴黎行EP1】,aNAb0iPXtqg,Ugz6VzytAftRHyDkPS94AaABAg,UClQ9hYSnQpO39sQ1aaCyegA,@櫻庭十六夜,"我來看嬙姐的。
但是，只有兩個人的法國之旅？秦始皇要出來擔保嗎？:face-blue-smiling:
--
04:20 最高評價
13:37 笑死，品嘗過程完全跳過，後面還接工商，雖然什麼都沒說，但可以了解，什麼都懂了。",11 天前 (已編輯),8,False,0.8172395615881407,Positive
兩個台南人完全被法國的甜點收服了！第一餐就直接挑戰吃蝸牛？來場沒做功課的巴黎自由行！【巴黎行EP1】,aNAb0iPXtqg,Ugwi-w1N1wNpZFHaO3N4AaABAg,UCbmjIe7N0SUxaRPVj8O92KQ,@philipwang7741,法棍有什麼稀奇，台中人手一支球棒,11 天前,0,False,0.9367644313428296,Positive
兩個台南人完全被法國的甜點收服了！第一餐就直接挑戰吃蝸牛？來場沒做功課的巴黎自由行！【巴黎行EP1】,aNAb0iPXtqg,UgyTH_B0ckQa95wRs0J4AaABAg,UCQw6PKl2Qatax7cS7Vin8EA,@MrTeChang,在一起 在一起,11 天前,1,False,0.5262327818078083,Neutral
兩個台南人完全被法國的甜點收服了！第一餐就直接挑戰吃蝸牛？來場沒做功課的巴黎自由行！【巴黎行EP1】,aNAb0iPXtqg,UgwwLVY_5C8jq4h0XbZ4AaABAg,UCQw6PKl2Qatax7cS7Vin8EA,@MrTeChang,非常期待,11 天前,0,False,0.6889632107023416,Positive
兩個台南人完全被法國的甜點收服了！第一餐就直接挑戰吃蝸牛？來場沒做功課的巴黎自由行！【巴黎行EP1】,aNAb0iPXtqg,Ugz7anvUR6rBVsvuYwJ4AaABAg,UCBg7_cgPmGPDdwtw7HTSM7w,@戴禮欽,35年前好像沒地下通道，我是直接走到門下拍照，但沒上去門。,11 天前,0,False,0.00943687839078089,Negative
兩個台南人完全被法國的甜點收服了！第一餐就直接挑戰吃蝸牛？來場沒做功課的巴黎自由行！【巴黎行EP1】,aNAb0iPXtqg,UgzeHZ7BN3iwInatVLl4AaABAg,UCRDp7M-1umbUK3TwyC7tybA,@de_leben,這種約會影片真實很多❤,11 天前,5,False,0.6498217737942037,Positive
兩個台南人完全被法國的甜點收服了！第一餐就直接挑戰吃蝸牛？來場沒做功課的巴黎自由行！【巴黎行EP1】,aNAb0iPXtqg,Ugxn4Aln6af2JKj3sQR4AaABAg,UCIQSDlL0d96Xuozd-5CISWA,@fudick1016,恭喜,11 天前,0,False,0.7499999999999999,Positive
兩個台南人完全被法國的甜點收服了！第一餐就直接挑戰吃蝸牛？來場沒做功課的巴黎自由行！【巴黎行EP1】,aNAb0iPXtqg,Ugyj3Yvyh9n5cQxBFxp4AaABAg,UCsNwZx-tzCkMcYba21Q8dJw,@polyf1115,公廁準備好了嗎,11 天前,0,False,0.006503544736225608,Negative
兩個台南人完全被法國的甜點收服了！第一餐就直接挑戰吃蝸牛？來場沒做功課的巴黎自由行！【巴黎行EP1】,aNAb0iPXtqg,Ugz3BqZbrUGSEdQzQel4AaABAg,UCmsCdmlRoE0FjVP5rwGj-Jg,@blake0215,再相信一次愛情吧 別耽誤女生的光陰了,12 天前,1,False,0.2891677538578096,Negative
兩個台南人完全被法國的甜點收服了！第一餐就直接挑戰吃蝸牛？來場沒做功課的巴黎自由行！【巴黎行EP1】,aNAb0iPXtqg,UgzllqUme121TKIcKSN4AaABAg,UCe_-sjJHXDyejZCuuAQE8WA,@478youtobe,真女友？,12 天前,0,False,0.587498836814341,Neutral
兩個台南人完全被法國的甜點收服了！第一餐就直接挑戰吃蝸牛？來場沒做功課的巴黎自由行！【巴黎行EP1】,aNAb0iPXtqg,UgzkyqMTHlARO1rxfjV4AaABAg,UCmsCdmlRoE0FjVP5rwGj-Jg,@blake0215,"在大魯閣棒球場的不是真正懂棒球的
要去美國球場才是真正懂棒球的",12 天前,1,False,0.31177661898729125,Negative
兩個台南人完全被法國的甜點收服了！第一餐就直接挑戰吃蝸牛？來場沒做功課的巴黎自由行！【巴黎行EP1】,aNAb0iPXtqg,UgxyDDAGZlL7_8P3L_R4AaABAg,UC5RVUb00LUr4Cm7yauqYcuw,@陳イプ,只開箱一間房間? 兩人住一間??,12 天前,2,False,0.006200596147926785,Negative
棒球YT小哥的頻道侵權被愛爾達抄掉！在被抄掉之前的收益有多少？為何明知侵權還是不斷有類似的頻道出現？,ZaNoPHAMe4g,UgyG5nUw0mfZBFrcNhp4AaABAg,UCwU0t_zeyn9F31jCMYa6hsQ,@teresachantal6515,全世界最大非法影音平台就是youtube.早該ban了....版權仔不要裝死看不見,1 天前,0,False,0.001349098155744577,Negative
棒球YT小哥的頻道侵權被愛爾達抄掉！在被抄掉之前的收益有多少？為何明知侵權還是不斷有類似的頻道出現？,ZaNoPHAMe4g,Ugx45xoYMeDmLFINV-t4AaABAg,UCKB-ysryKlxgM_HDB6UXTGA,@寧踩塵,以後用AI作圖吧😂😂,2 天前,0,False,0.3610215327581524,Negative
棒球YT小哥的頻道侵權被愛爾達抄掉！在被抄掉之前的收益有多少？為何明知侵權還是不斷有類似的頻道出現？,ZaNoPHAMe4g,UgzX_58dIyFJ_8VPQcx4AaABAg,UCKB-ysryKlxgM_HDB6UXTGA,@寧踩塵,"愛爾達，垃圾！
人家只是擷取片段做解說，這樣也要弄到人家沒飯吃",2 天前,1,False,0.018862198272905584,Negative
棒球YT小哥的頻道侵權被愛爾達抄掉！在被抄掉之前的收益有多少？為何明知侵權還是不斷有類似的頻道出現？,ZaNoPHAMe4g,Ugwrwd5RzLsI65Hx_xl4AaABAg,UCqdof4XgeoB6fpEVzSv1EOA,@彭荐璿,可以問jomboy media,7 天前,0,False,0.23310080167256841,Negative
棒球YT小哥的頻道侵權被愛爾達抄掉！在被抄掉之前的收益有多少？為何明知侵權還是不斷有類似的頻道出現？,ZaNoPHAMe4g,UgwgoxsIhxMOwxp0vEJ4AaABAg,UCj4QYqc5Ak6m0zr2fVw8fOQ,@鍾季安,"感覺你有天生的國師魔力
聽你練消話  就很有趣了耶
只要不是  水過頭     其實您超有魅力的    練消話的魅力
所以我很喜歡看您的影片喔",7 天前,0,False,0.14526262940490475,Negative
棒球YT小哥的頻道侵權被愛爾達抄掉！在被抄掉之前的收益有多少？為何明知侵權還是不斷有類似的頻道出現？,ZaNoPHAMe4g,Ugw1hPk8ohaTimjILiF4AaABAg,UCZCNY_EhfGOHfOVzLA45_WQ,@willwill3389,留言的一群人，嘴上說著盜片仔終於下去了，眼睛從來沒停過看他的翻譯影片，甚至看得比誰都認真，真正噁心噁心,7 天前,1,False,0.1502516795205585,Negative
棒球YT小哥的頻道侵權被愛爾達抄掉！在被抄掉之前的收益有多少？為何明知侵權還是不斷有類似的頻道出現？,ZaNoPHAMe4g,Ugy-kYm4dYv4BJEQ0r54AaABAg,UCBjiA1KVwU7cLTCZuziqpJQ,@羅成員-y4o,"留言都對版權很尊重
但實際上台灣人在看AV的時候
只有1%的人會付費正版
這時候又不需要尊重版權了

啊有買AV的別炮我，那我這則留言就不是在嘴你
我自己也都買OF來看
但相信我 看免費的是多數",7 天前 (已編輯),2,False,0.014255470374320178,Negative
棒球YT小哥的頻道侵權被愛爾達抄掉！在被抄掉之前的收益有多少？為何明知侵權還是不斷有類似的頻道出現？,ZaNoPHAMe4g,UgzdsWmfFRGe6gFxSkp4AaABAg,UCFqMp1wBv8Dq5AE1c2O-vsA,@realsiway,JOSH你現在可以直接用大聯盟的影片透過AI把他卡通化就沒問題了...掰掰了小畫家~,7 天前,0,False,0.02017583142487278,Negative
棒球YT小哥的頻道侵權被愛爾達抄掉！在被抄掉之前的收益有多少？為何明知侵權還是不斷有類似的頻道出現？,ZaNoPHAMe4g,UgygA60GOnEzfKdbqEJ4AaABAg,UCyU68hBQR_UliCGwQyOPnwg,@JFT50278,請問有人知道JAMBOY的影片怎麼取得授權的嗎？,8 天前,0,False,0.2731314107023193,Negative
棒球YT小哥的頻道侵權被愛爾達抄掉！在被抄掉之前的收益有多少？為何明知侵權還是不斷有類似的頻道出現？,ZaNoPHAMe4g,UgxvYSChHYDQ3-7M4Ml4AaABAg,UCif-rZ2WilSCeutsdlQ7eSg,@黃建翔-j6r,很有名的就Jomboy，MLB官方還會推他的影片，我猜他至少前期也沒版權，他這種超大尾的能不能買也不知道，大聯盟的態度就很隨便,8 天前,0,False,0.10110919021939313,Negative
棒球YT小哥的頻道侵權被愛爾達抄掉！在被抄掉之前的收益有多少？為何明知侵權還是不斷有類似的頻道出現？,ZaNoPHAMe4g,UgxSgFOFSYvfnfCS9ZF4AaABAg,UCsGNivnpWhxqp756okzjoxw,@nss_nucklies,不知道為什麼變成電腦課的教學題材（？,8 天前,0,False,0.013180641173974328,Negative
棒球YT小哥的頻道侵權被愛爾達抄掉！在被抄掉之前的收益有多少？為何明知侵權還是不斷有類似的頻道出現？,ZaNoPHAMe4g,UgxAwY_qDrN6urFM_xt4AaABAg,UCz9KYb7hjRG1I8zODJPwZLg,@yo0201,"可惜小哥被抄掉了😢
不然很喜歡看他讀唇語🥹",8 天前,1,False,0.47126281372755274,Neutral
棒球YT小哥的頻道侵權被愛爾達抄掉！在被抄掉之前的收益有多少？為何明知侵權還是不斷有類似的頻道出現？,ZaNoPHAMe4g,UgxNJwGWOIvv9p_4FPd4AaABAg,UCXbtOhucJHBdA8yuHD8IXoQ,@abelard1005,最近看到不少頻道， MLB 畫面直接加一些字就放上來，就要人訂閱、點讚和分享，比小哥還糟糕，小哥至少還有中文配音、剪輯和翻譯等二創成分，而這些頻道什麼都沒有。,9 天前,0,False,0.05371252674302707,Negative
棒球YT小哥的頻道侵權被愛爾達抄掉！在被抄掉之前的收益有多少？為何明知侵權還是不斷有類似的頻道出現？,ZaNoPHAMe4g,UgzT0ACPFmlPwdfjwK14AaABAg,UCPpmRdlxXAkmk3c1FcAk1-A,@amos00451,豬養肥了，等你賺錢了一次告到底。直接幫原告打工…,9 天前,0,False,0.030263705645560024,Negative
棒球YT小哥的頻道侵權被愛爾達抄掉！在被抄掉之前的收益有多少？為何明知侵權還是不斷有類似的頻道出現？,ZaNoPHAMe4g,UgweaYLlk4TotqEWP2d4AaABAg,UCszd503vnsQv5ZXOWbz8qbA,@globekillerful,現在社會風氣就懲罰奉公守法的人啊,9 天前,0,False,0.045419457417623765,Negative
棒球YT小哥的頻道侵權被愛爾達抄掉！在被抄掉之前的收益有多少？為何明知侵權還是不斷有類似的頻道出現？,ZaNoPHAMe4g,Ugz0PCe0ohzqi4tUQrt4AaABAg,UC7BZSA3GMW8FySWr-nYR5_g,@coco1792,發問一下，籃球的Youtuber不是也一堆用NBA的東西，有要處理嗎？,10 天前,1,False,0.8916198145330527,Positive
棒球YT小哥的頻道侵權被愛爾達抄掉！在被抄掉之前的收益有多少？為何明知侵權還是不斷有類似的頻道出現？,ZaNoPHAMe4g,UgzKo4DFLzMNC8CPglp4AaABAg,UCapKxPpeRNpnassnFaGa25Q,@a0922720431,版權這種東西很微妙，能替他帶來流量的時候大多睜一隻眼閉一隻眼，當流量大起來想要自己全吃的時候才會開砲，如果不是這樣，小哥的頻道也不會活著麼久,10 天前,0,False,0.0026807783407493124,Negative
棒球YT小哥的頻道侵權被愛爾達抄掉！在被抄掉之前的收益有多少？為何明知侵權還是不斷有類似的頻道出現？,ZaNoPHAMe4g,Ugz4dI4dKOchFFVTFQd4AaABAg,UCku6ntUOwLTCQYVjrjoAH8g,@kevinlee0201ify,這支影片大概 10分鐘，35萬流量，大概可以賺1萬5左右🎉,10 天前,1,False,0.6662175639893972,Positive
棒球YT小哥的頻道侵權被愛爾達抄掉！在被抄掉之前的收益有多少？為何明知侵權還是不斷有類似的頻道出現？,ZaNoPHAMe4g,Ugzj4b30JAwDUhA7-lN4AaABAg,UCaCmwgiPUyy1ZwORI5jl3bg,@油膩boy-h6s,他現在開分身，然後ig鎖留言照樣發影片，這態度真的呵呵,10 天前,0,False,0.8980832118268116,Positive
棒球YT小哥的頻道侵權被愛爾達抄掉！在被抄掉之前的收益有多少？為何明知侵權還是不斷有類似的頻道出現？,ZaNoPHAMe4g,UgyKyZJd8-Cr8jNgBrh4AaABAg,UCO-0nBe5zi0CG-r7S-W1lyw,@冰妃,有考慮用AI繪圖講棒球嗎？,10 天前,0,False,0.8128980522056931,Positive
棒球YT小哥的頻道侵權被愛爾達抄掉！在被抄掉之前的收益有多少？為何明知侵權還是不斷有類似的頻道出現？,ZaNoPHAMe4g,Ugy-kYm4dYv4BJEQ0r54AaABAg.APhba1dsjvoAPmCqggG7Nc,UCcFQcCpJE_WcXtNF-BHKbWw,@horatious,我覺得看免費，跟拿別人的東西盈利，是不一樣的問題,6 天前,0,True,0.00012762121462150944,Negative
棒球YT小哥的頻道侵權被愛爾達抄掉！在被抄掉之前的收益有多少？為何明知侵權還是不斷有類似的頻道出現？,ZaNoPHAMe4g,UgygA60GOnEzfKdbqEJ4AaABAg.APhFEJrEnx3APk2rLqwUPp,UCdecTXf-prJPPrSubkuGG2w,@apeak8404,官方特別指定合作夥伴吧,6 天前,0,True,0.19623108035998993,Negative
棒球YT小哥的頻道侵權被愛爾達抄掉！在被抄掉之前的收益有多少？為何明知侵權還是不斷有類似的頻道出現？,ZaNoPHAMe4g,UgwXcjFBe4NZ4OORWYx4AaABAg,UCm4m5zjhB7T6aNuAgfs7xYQ,@426GTH,其實想想就好，俗話說賺大錢的方法都寫在刑法裡面了，至少自己賺得心安理得，國師現在有名又有妹(重點)，這個拿那些錢都砸不出來的，未來還有更多發展性，一定比較好啦,10 天前,0,False,0.0004350215342817654,Negative
棒球YT小哥的頻道侵權被愛爾達抄掉！在被抄掉之前的收益有多少？為何明知侵權還是不斷有類似的頻道出現？,ZaNoPHAMe4g,UgyKzu6Nayf1f2zLHTl4AaABAg,UCIcbbbAIgqPXZkBlpaMoNmw,@GG3B0www,看完只覺得josh根本賺爛 那種咖都2000 他不就2億,10 天前,2,False,0.025022643278176937,Negative
棒球YT小哥的頻道侵權被愛爾達抄掉！在被抄掉之前的收益有多少？為何明知侵權還是不斷有類似的頻道出現？,ZaNoPHAMe4g,Ugz5miw_c86Vucq6REZ4AaABAg,UCFF_cc-skvvrLXEgskaVAPA,@shinbluecloud,YT和FB推薦過那些侵權頻道，我當時沒有意識到有版權問題，只是覺得內容沒料，就按了封鎖或不要再推薦，現在希望版權方硬起來提告侵權仔，讓他們把之前的不當獲利都吐出來,10 天前,0,False,2.5532552029305933e-06,Negative
棒球YT小哥的頻道侵權被愛爾達抄掉！在被抄掉之前的收益有多少？為何明知侵權還是不斷有類似的頻道出現？,ZaNoPHAMe4g,Ugy_v-4Vdpx29M252y94AaABAg,UCyIdhL9DK3prWRIZkzOUKVw,@inl5020,"爛頻道ban的好!! 自己為會讀唇語就能侵權斂財? 台灣法律就是太寬鬆了啦,這種狗最好抓去槍斃",10 天前,0,False,0.005852804114706012,Negative
棒球YT小哥的頻道侵權被愛爾達抄掉！在被抄掉之前的收益有多少？為何明知侵權還是不斷有類似的頻道出現？,ZaNoPHAMe4g,Ugz3PLidUrJRRmXPwt54AaABAg,UCyFt6bkn83Egdbt48WwnhNQ,@YH_Li,後面4雙人床 對吧😄,11 天前,1,False,0.6386916474265927,Positive
棒球YT小哥的頻道侵權被愛爾達抄掉！在被抄掉之前的收益有多少？為何明知侵權還是不斷有類似的頻道出現？,ZaNoPHAMe4g,UgyX2ne5QIqaEjiyQDh4AaABAg,UCYmUmxjiaukIhILA40cU5wA,@chenyueh569,我只看到有人嘴角壓不住,11 天前,0,False,0.15325268663046698,Negative
棒球YT小哥的頻道侵權被愛爾達抄掉！在被抄掉之前的收益有多少？為何明知侵權還是不斷有類似的頻道出現？,ZaNoPHAMe4g,UgwOodlWbZd0MtndioF4AaABAg,UCTPfaLJhSdDczAS7YHEz1fw,@dioblue138,LOL的畫面被YTber剪輯上傳營利也是一樣    只是沒被抓而已嗎,11 天前,0,False,0.0038297858194731305,Negative
棒球YT小哥的頻道侵權被愛爾達抄掉！在被抄掉之前的收益有多少？為何明知侵權還是不斷有類似的頻道出現？,ZaNoPHAMe4g,UgxLj_ZHoR_W9fwO90N4AaABAg,UCLXxoGs3jFnuHqpS0WVN0pQ,@grason0011,"一些區域電視台採訪球員畫面應該elta沒版權,還有賽後當地球評的評論也是
把這些翻譯為中文也很有點閱率
反正就不要出現MLB比賽畫面,有些球評評論會帶過比賽畫面,就用文字描述或影像暫停,變只剩下聲音",11 天前,1,False,9.091106676095695e-05,Negative
棒球YT小哥的頻道侵權被愛爾達抄掉！在被抄掉之前的收益有多少？為何明知侵權還是不斷有類似的頻道出現？,ZaNoPHAMe4g,UgweIRu5XaVgFbVGZcR4AaABAg,UC2bJv2FBkQYlg4zPpcEmGbQ,@heyjude776,小哥不只有其他頻道還有其他社群平台 lol,11 天前,0,False,0.14151316482135268,Negative
棒球YT小哥的頻道侵權被愛爾達抄掉！在被抄掉之前的收益有多少？為何明知侵權還是不斷有類似的頻道出現？,ZaNoPHAMe4g,Ugwm5j6eN8xmB9ZmbZJ4AaABAg,UCM29Qq2vApdFNZnOdpWWRKQ,@政伍蔡,對於愛某頻道，我覺得有點壟斷的問題，過去世足那種層級的比賽各電視台皆會進行轉播，大家都看得很開心。 愛某出來後，剛開始還有免費轉播，後面似乎看到越來越好賺，就開始要付費才能觀看，實在是有夠XX！,11 天前,2,False,0.014256362716744575,Negative
棒球YT小哥的頻道侵權被愛爾達抄掉！在被抄掉之前的收益有多少？為何明知侵權還是不斷有類似的頻道出現？,ZaNoPHAMe4g,Ugz_5a7OSzKZyI0tZqN4AaABAg,UCtAKixExogdjbMXDF5_bvXw,@nakanokuroneko,"確實 以觀眾的角度會有點兩難 擅自用未授權的影片毫無疑問是違法行為 但也因為這樣開始會關注棒球相關賽事與戰績的人也不在少數 
而且違反版權在多數人眼中不是很嚴重的事 因為網路很多盜版影視作品也是唾手可得 餐廳和街道上的音樂可能也沒授權 已經用習慣了

版權說到底是保障創作方的收益 如果沒有侵害到大聯盟的權益 反而讓大家更願意接觸 觀看比賽 我認為大聯盟反而不會管海外的任何非法盜用

但愛爾達立場就相反了 畢竟要上班不是每個人都能追完每場賽事 可能就會退出會員只看網路上的精華

總之Josh 的做法和心態是正確的 但以觀眾角度來說還是有點遺憾",11 天前,0,False,5.475608855221026e-10,Negative
棒球YT小哥的頻道侵權被愛爾達抄掉！在被抄掉之前的收益有多少？為何明知侵權還是不斷有類似的頻道出現？,ZaNoPHAMe4g,UgxvDaMHGSFLqjbY2hJ4AaABAg,UCeoMOkK6W58EDlPbwKgACMw,@cats-official,5:42 台語正字給推！！！,11 天前,0,False,0.022776453113264816,Negative
棒球YT小哥的頻道侵權被愛爾達抄掉！在被抄掉之前的收益有多少？為何明知侵權還是不斷有類似的頻道出現？,ZaNoPHAMe4g,Ugxeugo9CqXtknJXjKl4AaABAg,UCiyziDWa9Hw10x1bKwEGtPA,@taweilin0823,看陸抖和YT就知道了...一堆搬運工...,11 天前,0,False,0.0025279403068381168,Negative
棒球YT小哥的頻道侵權被愛爾達抄掉！在被抄掉之前的收益有多少？為何明知侵權還是不斷有類似的頻道出現？,ZaNoPHAMe4g,Ugxcm0w_Iij4y_9An-B4AaABAg,UCKkdonH44HriVRqK2HEpu8g,@alecch31,若刻意的縱放是為了炒熱主題，讓更多人被吸引來觀看版權方的影片，所以這些頻道不過就是版權方的地下廣宣管道.....當知名度夠&效益已經擴張後，就可以開始抓版權囉!!,11 天前,0,False,0.0004182284296853078,Negative
棒球YT小哥的頻道侵權被愛爾達抄掉！在被抄掉之前的收益有多少？為何明知侵權還是不斷有類似的頻道出現？,ZaNoPHAMe4g,UgxnqUsUvkx1Yr1oQOd4AaABAg,UCf0lSBT0nLevTVpGPzz-XpA,@jmssun,這些小影片可以擴大市場他們不知道嗎？,11 天前,1,False,0.08271826927352421,Negative
棒球YT小哥的頻道侵權被愛爾達抄掉！在被抄掉之前的收益有多少？為何明知侵權還是不斷有類似的頻道出現？,ZaNoPHAMe4g,UgwAKThrP6u8W906_LN4AaABAg,UC3QE3gf_fSMzT4DTPWKEFzg,@EASTSPEED9003,我記得好久之前，這個也是JOSH開始露臉講棒球的原因,11 天前,0,False,0.02767040535855425,Negative
棒球YT小哥的頻道侵權被愛爾達抄掉！在被抄掉之前的收益有多少？為何明知侵權還是不斷有類似的頻道出現？,ZaNoPHAMe4g,UgzHceABguSbIXtJtUR4AaABAg,UCU6BFv6FOZZrUFJ3TEnq4Mg,@smartling0805,他 有他的優勢唇語，不是每個用大聯盟影片的人都可以有這種效果！當然他作法上錯沒錯，可是也不代表你跟著他這樣做你也許火！而且他這樣做他接業配就不可能啊，所以相比你可以接業配你比較賺吧,11 天前,2,False,0.09332100659612097,Negative
棒球YT小哥的頻道侵權被愛爾達抄掉！在被抄掉之前的收益有多少？為何明知侵權還是不斷有類似的頻道出現？,ZaNoPHAMe4g,UgzB0B4LfTRj_tlFCQN4AaABAg,UCfb6K8gdmU-kMhWmORQ7aPQ,@49tony70,好想念當初靈魂畫手,11 天前,0,False,0.9696935859769384,Positive
棒球YT小哥的頻道侵權被愛爾達抄掉！在被抄掉之前的收益有多少？為何明知侵權還是不斷有類似的頻道出現？,ZaNoPHAMe4g,UgzKok2fBtO_GYBuNeF4AaABAg,UCywapvaiNh4QJL5cjjPno1g,@rody7447,"新警察好奇 有版權怎麼上傳的?
我做過F1的影片分析 連張照片都把我擋下來...",11 天前,0,False,0.8963672666467668,Positive
棒球YT小哥的頻道侵權被愛爾達抄掉！在被抄掉之前的收益有多少？為何明知侵權還是不斷有類似的頻道出現？,ZaNoPHAMe4g,Ugymv0MN51o7Dh32R4N4AaABAg,UCZHDDDWu60VdSOyywDYr1Ng,@glasseaterwu7396,其實josh已經發現財富密碼了😂只是自己這關過不去而已～優質，給讚,11 天前,0,False,0.21300347653486773,Negative
棒球YT小哥的頻道侵權被愛爾達抄掉！在被抄掉之前的收益有多少？為何明知侵權還是不斷有類似的頻道出現？,ZaNoPHAMe4g,UgwehWEwclzgf2ztTEN4AaABAg,UC49OvDv4r8Mep1eK3RZwU4A,@koby1996,感謝你持續作正確的事,11 天前,0,False,0.3570939857237557,Negative
棒球YT小哥的頻道侵權被愛爾達抄掉！在被抄掉之前的收益有多少？為何明知侵權還是不斷有類似的頻道出現？,ZaNoPHAMe4g,Ugx9-So0fd4O27P7a-x4AaABAg,UChUJZPysMSod1c-DS_pJH8Q,@S.F.4011,國外棒球節目的版權方不會抓這個啦 太小咖另一方面有了他們的翻譯可以讓節目的知名度擴大到華語世界 未必有壞處😊,11 天前,1,False,0.0010354103360312727,Negative
棒球YT小哥的頻道侵權被愛爾達抄掉！在被抄掉之前的收益有多少？為何明知侵權還是不斷有類似的頻道出現？,ZaNoPHAMe4g,Ugyp9ei88-PFRFZspbJ4AaABAg,UCrQhgrLx5kszJqb3QPkz-QQ,@神-Ovo,"其實要感謝 小哥的小編！
私下代購卡片 突然漲價！
而且三不五時 常常出卡
其實有時為了省 包裹費，會延遲轉帳...
負責郵件的人，回覆態度不是那麼好！ 或許是太多人購買常遇上像我這樣的人，所以回覆態度上不是那麼好，其實可以體會！

但是這樣體驗，我也想過要這樣做，沒想到....原來也有人也有這樣的感受，並且執行！😂",12 天前,0,False,9.022671498826185e-10,Negative
棒球YT小哥的頻道侵權被愛爾達抄掉！在被抄掉之前的收益有多少？為何明知侵權還是不斷有類似的頻道出現？,ZaNoPHAMe4g,UgwuXLCqaeGraCwgW3d4AaABAg,UC1F0jFGe7MfBArYz1I_Wn6w,@user-yn8zn2jr4l,lmao 他根本就不算什麼content creator，99%的東西都是搬別人(很多interview的源視頻其實都是直接用的其他頻道的盜版所以本質上二次侵權，唇語有不少也是x/yt/reddit上已有的拿來直接用）的然後加上自己翻譯而已，我沒有見過一隻影片是他原創內容的。如果你會英文+日文並且善於搜索全部都找得到。,12 天前,0,False,1.7622536609196437e-05,Negative
棒球YT小哥的頻道侵權被愛爾達抄掉！在被抄掉之前的收益有多少？為何明知侵權還是不斷有類似的頻道出現？,ZaNoPHAMe4g,Ugzbo9k2ZPiiIWqsKKF4AaABAg,UC0VquyfKDCANso5bNIMpltg,@alberth65,「酸爽」一詞的全新註解🤣,12 天前,0,False,0.8675042684759057,Positive
棒球YT小哥的頻道侵權被愛爾達抄掉！在被抄掉之前的收益有多少？為何明知侵權還是不斷有類似的頻道出現？,ZaNoPHAMe4g,UgwxaI2Pkch3I5150zB4AaABAg,UCqNsv8HawDIJzkzq0lbX56Q,@bobrowei9153,就是為甚麼老實 守法 守規矩的人很難賺大錢吧,12 天前,0,False,0.10886403278391632,Negative
棒球YT小哥的頻道侵權被愛爾達抄掉！在被抄掉之前的收益有多少？為何明知侵權還是不斷有類似的頻道出現？,ZaNoPHAMe4g,UgyLmHi2P7ph1v2at454AaABAg,UCyipEdDNOrmWtUy_o-HpwvA,@benson0928,"Josh說錯了一個地方
他曾經短暫的成為「兩人」團隊，
只是單飛後他自己更紅了！！😂",12 天前,0,False,0.011510654291018607,Negative
棒球YT小哥的頻道侵權被愛爾達抄掉！在被抄掉之前的收益有多少？為何明知侵權還是不斷有類似的頻道出現？,ZaNoPHAMe4g,Ugxsv22agu6giQLq50t4AaABAg,UCR0j_qW35SR0QptgG6xX99g,@辰抖,超討厭愛爾達 電視本來看得到的球賽 搞到一堆都要付錢,12 天前,3,False,0.008773735737190425,Negative
棒球YT小哥的頻道侵權被愛爾達抄掉！在被抄掉之前的收益有多少？為何明知侵權還是不斷有類似的頻道出現？,ZaNoPHAMe4g,Ugwx_yCpwKd5REz5VPd4AaABAg,UC4UFcCD9iv3hBoIadbktjNg,@Adol-orange,原來那樣播MLB是無視版權的、了解了！❤,12 天前,0,False,0.1737065882866239,Negative
棒球YT小哥的頻道侵權被愛爾達抄掉！在被抄掉之前的收益有多少？為何明知侵權還是不斷有類似的頻道出現？,ZaNoPHAMe4g,UgxraV7h80LoWZ5LTdN4AaABAg,UCWkU-FO9KntcLZypQiDk5Wg,@walkerhu7,把網紅頻道抄掉後愛爾達有能力做出類似的頻道嗎🤔️把雞都殺光後誰願意幫下蛋！,12 天前,2,False,0.08591600305509739,Negative
棒球YT小哥的頻道侵權被愛爾達抄掉！在被抄掉之前的收益有多少？為何明知侵權還是不斷有類似的頻道出現？,ZaNoPHAMe4g,Ugy5L6AJnVlpY7hmGz14AaABAg,UCAtIRuCiIxoAavXaIQx1yzw,@bobbycony,"那些 有權利 超級首富 財團們利用法律官商勾結搞出來的賺錢手段  很多韭菜 甘於付費享用
其實版權它限制了普通民眾享受的權利   
而現在普通民眾甘心付費享用 甚至檢舉其他人   令我噁心~~~",12 天前 (已編輯),2,False,0.9992778339384941,Positive
棒球YT小哥的頻道侵權被愛爾達抄掉！在被抄掉之前的收益有多少？為何明知侵權還是不斷有類似的頻道出現？,ZaNoPHAMe4g,UgybyUIftGBSSNAlxBF4AaABAg,UCAj_-ZwvmNkFcEswJnmDIcA,@roy16888,"這支影片目前應該有15,000元收益",12 天前,1,False,0.3895583298757659,Negative
棒球YT小哥的頻道侵權被愛爾達抄掉！在被抄掉之前的收益有多少？為何明知侵權還是不斷有類似的頻道出現？,ZaNoPHAMe4g,Ugxoxs9dAhZ-SYu68aB4AaABAg,UCYmceOK1-yFpTKN9KwWsh8w,@chiuh5833,版權？對中國就軟了,12 天前,0,False,0.6471683841472422,Positive
棒球YT小哥的頻道侵權被愛爾達抄掉！在被抄掉之前的收益有多少？為何明知侵權還是不斷有類似的頻道出現？,ZaNoPHAMe4g,UgwpTLr00OP4nAegZFd4AaABAg,UCLbosugnTLtaX_r5H53Bqug,@jhtaiwan,料北啊,12 天前,0,False,0.7922026207856923,Positive
棒球YT小哥的頻道侵權被愛爾達抄掉！在被抄掉之前的收益有多少？為何明知侵權還是不斷有類似的頻道出現？,ZaNoPHAMe4g,UgzpKCeie-c4MsSwAup4AaABAg,UCv4Vux8fThLYpjfkiTp8hFw,@盧郁霖-h1j,都快忘記你會畫圖了，以後真的不知道做什麼可以開畫圖台了😂,12 天前,0,False,0.5227732146085954,Neutral
棒球YT小哥的頻道侵權被愛爾達抄掉！在被抄掉之前的收益有多少？為何明知侵權還是不斷有類似的頻道出現？,ZaNoPHAMe4g,UgwlmcPOjaZNAFFVYoF4AaABAg,UClL9htP5NrGwkG7xTBy5upw,@ishoulin0810,本來只有死一個，現在要抄家啦😂,12 天前,0,False,0.35572608941768036,Negative
棒球YT小哥的頻道侵權被愛爾達抄掉！在被抄掉之前的收益有多少？為何明知侵權還是不斷有類似的頻道出現？,ZaNoPHAMe4g,Ugw6SDsabRdM_-_ynAh4AaABAg,UC0usi6MnSKztLTsqPKt20Dg,@drewfwieuriskfi,與其抄這種不如抄掉能免費看的盜版愛爾達吧！一堆人沒訂閱都在看免費的,12 天前,1,False,0.00024443435469878594,Negative
棒球YT小哥的頻道侵權被愛爾達抄掉！在被抄掉之前的收益有多少？為何明知侵權還是不斷有類似的頻道出現？,ZaNoPHAMe4g,UgzyfWHYsc9RQk7LT7t4AaABAg,UCDl0vuKgDeymmY25mnDc3dA,@VincentShane,我現在才知道...那些畫面要授權！但起碼小哥解讀了很多人的嘴型，說到翻譯那段真的沒錯，我就是在等他翻譯😂，流量真的高,12 天前 (已編輯),0,False,0.26549326311234145,Negative
棒球YT小哥的頻道侵權被愛爾達抄掉！在被抄掉之前的收益有多少？為何明知侵權還是不斷有類似的頻道出現？,ZaNoPHAMe4g,UgyMSVpM5MqTllOFCWl4AaABAg,UC924MWUIJduAjH9pfYyXdTg,@bjo3jo3,I DONT CARE. 其實你自從講中職之後我就很懶得看了,12 天前,2,False,0.41489672186611837,Neutral
棒球YT小哥的頻道侵權被愛爾達抄掉！在被抄掉之前的收益有多少？為何明知侵權還是不斷有類似的頻道出現？,ZaNoPHAMe4g,Ugxu_ukYJDryQTAixUB4AaABAg,UC86PtRTx3z7p3UvV_xLWJmA,@henyang1009,身為一個棒球觀眾，我只管內容好不好看而已，版權什麼的，我沒想那麼多🤷。有沒有版權的影片，不是我該考慮的,12 天前,2,False,0.11825684325317798,Negative
棒球YT小哥的頻道侵權被愛爾達抄掉！在被抄掉之前的收益有多少？為何明知侵權還是不斷有類似的頻道出現？,ZaNoPHAMe4g,Ugxsv22agu6giQLq50t4AaABAg.APXs5XUEqW9APZnzHTKUqr,UCqiYvH5B2td_rpJlmUr_0Hg,@BigHippo520,但是國際賽事的播映內容也是要付錢買才能拿到所以付錢看內容在國際上行之有年說,11 天前,0,True,0.0004067920932908642,Negative
棒球YT小哥的頻道侵權被愛爾達抄掉！在被抄掉之前的收益有多少？為何明知侵權還是不斷有類似的頻道出現？,ZaNoPHAMe4g,UgxraV7h80LoWZ5LTdN4AaABAg.APXf3_hqROoAPXq9oclqam,UCtjBA2I1UkA8BwgdQdzESOg,@linalex4215,要下蛋，去向MLB買版權阿。,12 天前,0,True,0.2325207635856541,Negative
棒球YT小哥的頻道侵權被愛爾達抄掉！在被抄掉之前的收益有多少？為何明知侵權還是不斷有類似的頻道出現？,ZaNoPHAMe4g,UgxXUet1nxhc3-RPsVl4AaABAg,UCo8K7lVCULlZwFxsClVtbxw,@あかね-s9d,有人說是你去檢舉小哥的😂😂😂😂😂,12 天前,2,False,0.2985427465939846,Negative
棒球YT小哥的頻道侵權被愛爾達抄掉！在被抄掉之前的收益有多少？為何明知侵權還是不斷有類似的頻道出現？,ZaNoPHAMe4g,UgyP5nu_DzStf49l8OB4AaABAg,UCzzvuTUpy1XiViDHOvvD5rA,@tfcbackup-d7s,再沒有讀唇了 有點可惜,12 天前,3,False,0.28288206301251284,Negative
棒球YT小哥的頻道侵權被愛爾達抄掉！在被抄掉之前的收益有多少？為何明知侵權還是不斷有類似的頻道出現？,ZaNoPHAMe4g,UgwRGtMKJNZLq7VdYLl4AaABAg,UCAPD-XUZV7u9aMRj_R-r0Rg,@KunDream03_01,6:09 單押×3😂,12 天前,0,False,0.44767845850986676,Neutral
棒球YT小哥的頻道侵權被愛爾達抄掉！在被抄掉之前的收益有多少？為何明知侵權還是不斷有類似的頻道出現？,ZaNoPHAMe4g,Ugzg4vqvGQfjyNuOBt54AaABAg,UCEmenSkp2qac5KTZr4vt13w,@avenlikeu2745,不太懂 為什麼mlb這樣不行 nba一堆在用的都可以 難道他們都有買版權？,12 天前,1,False,0.0058500922500122066,Negative
棒球YT小哥的頻道侵權被愛爾達抄掉！在被抄掉之前的收益有多少？為何明知侵權還是不斷有類似的頻道出現？,ZaNoPHAMe4g,UgzJJwPV09BXiNNPtA94AaABAg,UCXl2b50a75-u4Ybfil6K5_w,@davidlee496,繼續檢舉 耶,12 天前,0,False,0.17964970728645124,Negative
棒球YT小哥的頻道侵權被愛爾達抄掉！在被抄掉之前的收益有多少？為何明知侵權還是不斷有類似的頻道出現？,ZaNoPHAMe4g,UgwE1EAyIreecaR32W54AaABAg,UCPULdqXCF0u6CIHUAamhLwA,@jump27j,"太感動了
還聽到有人在用""分身""!!死語復興!!(劃錯重點)",12 天前,0,False,0.7448928540392472,Positive
棒球YT小哥的頻道侵權被愛爾達抄掉！在被抄掉之前的收益有多少？為何明知侵權還是不斷有類似的頻道出現？,ZaNoPHAMe4g,UgxW6W7eyERVllDejEt4AaABAg,UCOY2qyTk0PhboN4VRGyRnIA,@1453Constantinus,可以用遊戲的畫面～跟遊戲官方談授權應該比較容易。還是MLB官方對遊戲的授權不能再二次授權出去？,12 天前,0,False,0.020151819140626914,Negative
棒球YT小哥的頻道侵權被愛爾達抄掉！在被抄掉之前的收益有多少？為何明知侵權還是不斷有類似的頻道出現？,ZaNoPHAMe4g,Ugx5sB5gDphRzUxTd0x4AaABAg,UC6_znHxhJXSUApbXuE2WeuA,@Zhder,關於大聯盟的授權，要不要去找愛爾達，他們既然是臺灣區總代理，要不要去問問他們是否願意授權？,12 天前,0,False,0.0005939139803372573,Negative
棒球YT小哥的頻道侵權被愛爾達抄掉！在被抄掉之前的收益有多少？為何明知侵權還是不斷有類似的頻道出現？,ZaNoPHAMe4g,UgxMteuM7RNUSBWuPUp4AaABAg,UCj2a8mmG0B99_o7LqIr1Svw,@劉人碩-l4x,有 最高標準的話 Josh連拍飯店房間當背景都要付錢😂,12 天前,0,False,4.767076129474912e-05,Negative
棒球YT小哥的頻道侵權被愛爾達抄掉！在被抄掉之前的收益有多少？為何明知侵權還是不斷有類似的頻道出現？,ZaNoPHAMe4g,UgxbhmHDrnrckGGmxFd4AaABAg,UCylTATRaTz-qWNOPqHnbA0Q,@ehhhbilibili,台灣這麼多腦🦴迷 小哥等人罪不可赦,12 天前,0,False,0.23871059701929753,Negative
棒球YT小哥的頻道侵權被愛爾達抄掉！在被抄掉之前的收益有多少？為何明知侵權還是不斷有類似的頻道出現？,ZaNoPHAMe4g,UgyHgg_a2WmFP1ZRzJZ4AaABAg,UCnOvv0sZRXaF-2YnZm9shSg,@Kenji_H.,就是他不要臉 你要臉而已啊 ==,12 天前,0,False,0.2994511875706315,Negative
棒球YT小哥的頻道侵權被愛爾達抄掉！在被抄掉之前的收益有多少？為何明知侵權還是不斷有類似的頻道出現？,ZaNoPHAMe4g,Ugwfw5Mn2CFAdcwLLid4AaABAg,UCCVKqonkWGjmrT7kObDobdg,@weimingchiu6774,訪談英翻中的影片我會看內！這樣是不是也算共犯呀,12 天前,0,False,0.021634009453541214,Negative
棒球YT小哥的頻道侵權被愛爾達抄掉！在被抄掉之前的收益有多少？為何明知侵權還是不斷有類似的頻道出現？,ZaNoPHAMe4g,UgxnFoGdeTqZ70OUDT54AaABAg,UCPpMhpD7qILOm6ONhS61INw,@chicken_EM,"有一個好像叫台妹什麼的
內容漏洞百出但流量卻很好",12 天前,0,False,0.3447152221943791,Negative
棒球YT小哥的頻道侵權被愛爾達抄掉！在被抄掉之前的收益有多少？為何明知侵權還是不斷有類似的頻道出現？,ZaNoPHAMe4g,Ugzo6qpru86BLbbX2S14AaABAg,UCZCySpfNkhMw70WqPobAimg,@陳成-d4g,在台灣賺錢的方式都血型法裡了~安心使用吧XD🤣,12 天前,0,False,0.04816104674774169,Negative
棒球YT小哥的頻道侵權被愛爾達抄掉！在被抄掉之前的收益有多少？為何明知侵權還是不斷有類似的頻道出現？,ZaNoPHAMe4g,Ugwk_r7v0XnCPoHPq9t4AaABAg,UCNC7KZj3omBzimLwA2v7jLQ,@DK-wq8qs,JOSH也有幫忙說小哥好話吧,12 天前,0,False,0.21654207580836426,Negative
棒球YT小哥的頻道侵權被愛爾達抄掉！在被抄掉之前的收益有多少？為何明知侵權還是不斷有類似的頻道出現？,ZaNoPHAMe4g,Ugw-VNLaFDb45YOFH514AaABAg,UCkCABVgZn4gM3XbzNcw61mQ,@ddx7953,"愛爾達就是垃圾，抖音和MLB合作每一場都免費看，每局休息之間還有一堆球星在那說""你好中國""，中國連一個登上大聯盟的人都沒有吧? 反觀台灣屁都不是",12 天前,2,False,3.084553766685705e-05,Negative
棒球YT小哥的頻道侵權被愛爾達抄掉！在被抄掉之前的收益有多少？為何明知侵權還是不斷有類似的頻道出現？,ZaNoPHAMe4g,UgzxWKd3Aq6P_mXR52l4AaABAg,UCstMnsKNOOShTb-vkPzmKNQ,@peter1990722,5:43 感謝Josh 使用台語正字！,12 天前,0,False,0.6389794847309154,Positive
棒球YT小哥的頻道侵權被愛爾達抄掉！在被抄掉之前的收益有多少？為何明知侵權還是不斷有類似的頻道出現？,ZaNoPHAMe4g,UgxP3CDRAt01q3cFemV4AaABAg,UChRshxmlrc6xox-jjYmq-nA,@馬糞-o2y,看完這支片只想說  Josh果然是天秤座的,12 天前,0,False,0.2908771866513836,Negative
棒球YT小哥的頻道侵權被愛爾達抄掉！在被抄掉之前的收益有多少？為何明知侵權還是不斷有類似的頻道出現？,ZaNoPHAMe4g,UgwDi9bqCHzb6pLubrh4AaABAg,UCzygjh80wQ1BTvKNniVgdyw,@abcd123010203,其實脆上也是一堆可以抓版權的棒球影片。很多人都用截圖錄影的方式發影片，這個真的抓不完，認真抓應該死一片,12 天前,4,False,0.6075224638807606,Positive
棒球YT小哥的頻道侵權被愛爾達抄掉！在被抄掉之前的收益有多少？為何明知侵權還是不斷有類似的頻道出現？,ZaNoPHAMe4g,UgzusnZ7ZrxRDnG7X-p4AaABAg,UC4CJ57j_P0oF-IsKVjVub9Q,@yowang5140,所以網紅稅才要開徵嗎,12 天前,0,False,0.07239763255578413,Negative
棒球YT小哥的頻道侵權被愛爾達抄掉！在被抄掉之前的收益有多少？為何明知侵權還是不斷有類似的頻道出現？,ZaNoPHAMe4g,UgzKIWqTDFD1y6qzQVF4AaABAg,UCWPK6I1lrmxIhBd75gdjJqQ,@張軒銘-l2o,小畫家😂,12 天前,0,False,0.47629798174899574,Neutral
棒球YT小哥的頻道侵權被愛爾達抄掉！在被抄掉之前的收益有多少？為何明知侵權還是不斷有類似的頻道出現？,ZaNoPHAMe4g,UgwTNfPAZFx27nvqRP14AaABAg,UCodWkfsmQ3qwJYsiJFfJahg,@鄭旻昇-x2s,這位老哥再教小哥賺錢,12 天前,0,False,0.20821379160465237,Negative
棒球YT小哥的頻道侵權被愛爾達抄掉！在被抄掉之前的收益有多少？為何明知侵權還是不斷有類似的頻道出現？,ZaNoPHAMe4g,UgxbXB9zV7vdoX6LaER4AaABAg,UC9RxV2O9wUJXrw-b6CC1nLw,@二刀流殺殺,法律問題 我只能說人在台灣都不會有事😂😂😂,12 天前,0,False,0.007358435136558206,Negative
棒球YT小哥的頻道侵權被愛爾達抄掉！在被抄掉之前的收益有多少？為何明知侵權還是不斷有類似的頻道出現？,ZaNoPHAMe4g,Ugw4xMsSxRhbUBkEwxh4AaABAg,UCByoP_XDXL6gfxawQu3jhyQ,@韋德-k8w,諷刺的是，看Josh的影片，yt會自動在下面導流一堆 「那些人的棒球影片」，因為客群受眾重疊性太高了😢。等於是說，Josh也被間接蹭了不少，Josh的高流量，竟幫別人抬轎，為他人作嫁衣啊。😢,12 天前,0,False,4.4597040671501276e-07,Negative
棒球YT小哥的頻道侵權被愛爾達抄掉！在被抄掉之前的收益有多少？為何明知侵權還是不斷有類似的頻道出現？,ZaNoPHAMe4g,UgxI6H-deEZ_VhnTP494AaABAg,UCd7Y5d11V8NfqXz3rB_yjHw,@yellowweiwei,抓到 APA HOTEL,12 天前,0,False,0.19467834974413567,Negative
棒球YT小哥的頻道侵權被愛爾達抄掉！在被抄掉之前的收益有多少？為何明知侵權還是不斷有類似的頻道出現？,ZaNoPHAMe4g,Ugwv1Oxoj0M5vfKrAUp4AaABAg,UCM3isBQztSznxK0Dd8nx9Og,@samanchen2965,想起小畫家風XDD,12 天前,0,False,0.18033926064309969,Negative
棒球YT小哥的頻道侵權被愛爾達抄掉！在被抄掉之前的收益有多少？為何明知侵權還是不斷有類似的頻道出現？,ZaNoPHAMe4g,UgzqUznuDSOCUh2nwmN4AaABAg,UClMURwLtz3RQRDgIpctk5HA,@棒球tt,沒有唇語了😢,12 天前,0,False,0.2085558773559687,Negative
棒球YT小哥的頻道侵權被愛爾達抄掉！在被抄掉之前的收益有多少？為何明知侵權還是不斷有類似的頻道出現？,ZaNoPHAMe4g,UgyW1nZJV07TFaZ7NMZ4AaABAg,UCtOpeELGHFsc8s3a1YCFIjw,@stvnyss,幾年前yt因為版權砲嚇跑了一些人，結果需要伸張版權的時候一點用都沒有,12 天前,0,False,0.04473680710899164,Negative
棒球YT小哥的頻道侵權被愛爾達抄掉！在被抄掉之前的收益有多少？為何明知侵權還是不斷有類似的頻道出現？,ZaNoPHAMe4g,UgxGhZqmhgzxs1bqTNZ4AaABAg,UCfkzcMkgitC32dF_RTLPZ1A,@skykid0428,"頻道被愛爾達給抄掉，小哥從從容容游刃有餘的繼續開新頻道~
頻道被Josh拿來分析，小哥匆匆忙忙連滾帶爬的祈禱~神罰不要降臨~~",12 天前,0,False,0.8426288380617076,Positive
棒球YT小哥的頻道侵權被愛爾達抄掉！在被抄掉之前的收益有多少？為何明知侵權還是不斷有類似的頻道出現？,ZaNoPHAMe4g,UgxD9b9H-trq-nbc-cp4AaABAg,UCK-FsCaPfQnu65sjcwFuviA,@styang8593,"這其實就和生活中很多小事情一樣阿,明明規定就是這樣但是大家都不遵守,那少數堅持遵守的都像白癡",12 天前,0,False,0.0001351219409355675,Negative
棒球YT小哥的頻道侵權被愛爾達抄掉！在被抄掉之前的收益有多少？為何明知侵權還是不斷有類似的頻道出現？,ZaNoPHAMe4g,Ugx71ONMjoRpCrrp_up4AaABAg,UCarEGi1o8JaBveVaDRjTZlw,@poe435,😊😊😊,12 天前,0,False,0.5,Neutral
棒球YT小哥的頻道侵權被愛爾達抄掉！在被抄掉之前的收益有多少？為何明知侵權還是不斷有類似的頻道出現？,ZaNoPHAMe4g,UgyIeh34rPf4kVqbqUB4AaABAg,UCY8dLVwhriroE-jnG_cXAQg,@郭大象-k9t,最喜歡:_HIHIJOSH單字架::_HIHIJOSH單字許:轉播時唸業配:_HIHIJOSHSMART寶:,12 天前,0,False,0.953501207013858,Positive
棒球YT小哥的頻道侵權被愛爾達抄掉！在被抄掉之前的收益有多少？為何明知侵權還是不斷有類似的頻道出現？,ZaNoPHAMe4g,UgxnB3l9oR99m6HWmP54AaABAg,UC5vIBorXdCzQJyQ8C1MXxdg,@ren9123,小哥很玻璃心 說一下就被封鎖了 哈哈哈,12 天前,0,False,0.7438709727821385,Positive
棒球YT小哥的頻道侵權被愛爾達抄掉！在被抄掉之前的收益有多少？為何明知侵權還是不斷有類似的頻道出現？,ZaNoPHAMe4g,UgwAATt3xDcAIWnSjqV4AaABAg,UC7IwruW7x77P-CyZL-4hoZA,@KatsuMiso-zi1vm,"版權這東西就是一切版權方說了算。如果你""合理範圍內""使用版權物，除非你被人檢舉否則版權方睜一隻眼閉一隻眼在小IP是非常常見的。畢竟免費的宣傳最香而且也沒人手處理
所以被抄就是要嘛你太高調白目要嘛有人檢舉，或者你數字太少版權方不屑。看狀況小哥應該是3個都中了，再見了唇語大師",12 天前,0,False,9.524739863486786e-08,Negative
棒球YT小哥的頻道侵權被愛爾達抄掉！在被抄掉之前的收益有多少？為何明知侵權還是不斷有類似的頻道出現？,ZaNoPHAMe4g,Ugzcdoz88_8wTbUYHmh4AaABAg,UCd5kv6X5SFnmsVjZr5cSqFw,@阿寬寬-z9q,為什麼Josh有收到提醒說不行使用，他們沒有？,12 天前,0,False,0.012421514784614063,Negative
棒球YT小哥的頻道侵權被愛爾達抄掉！在被抄掉之前的收益有多少？為何明知侵權還是不斷有類似的頻道出現？,ZaNoPHAMe4g,Ugy0vatqIZv1pmle9Il4AaABAg,UCd9tyC4dxdFkyRd6nWiG-Sw,@lukugacu2416,現在的處理方式他們不會怕，反正他們沒有經營的概念，頻道就是免洗產品，抄掉再搞一個繼續賺而已，如果真的要根絕，就是愛爾達或大聯盟要直接出手，提告小哥，向他追討這幾年侵權所獲利益，這種的搞他一次就嚇死了，先不說最後要賠多少的問題，你光打訴訟就可以把他拖死好幾年不用經營頻道了，他還要花大筆律師費去跟財團的律師對抗，要人類學到教訓的最好方式，就是要他會痛,12 天前,0,False,7.802040158377821e-08,Negative
他就只敢酸樂天？遇到CPB、中信、悍創都避而不談？,h-vfSf3pT_0,Ugz2CsZs9hnpXgD1V8h4AaABAg,UCuqoMEdM_1u63zioxsajyYA,@Davidyoung-l4b,哈哈！幹得好架許！輕鬆的影片，我笑翻！,1 天前,0,False,0.2851908255929243,Negative
他就只敢酸樂天？遇到CPB、中信、悍創都避而不談？,h-vfSf3pT_0,UgwlwRVlGZZzJrPBnzt4AaABAg,UCJ5dwRvl8jMZHOvfKhqYByg,@牛排我不是,辛苦了 遇到綠蛆,2 天前,0,False,0.7427261256683447,Positive
他就只敢酸樂天？遇到CPB、中信、悍創都避而不談？,h-vfSf3pT_0,Ugyl7IhL-6Pwli3r7xx4AaABAg,UCLYWN-5RHq1P5ZV_IzGtLGg,@文豪-m3x,就像這集，有講跟沒講一樣,4 天前,0,False,0.31467780473772355,Negative
他就只敢酸樂天？遇到CPB、中信、悍創都避而不談？,h-vfSf3pT_0,Ugxmeby1ky_Qi-bQzMR4AaABAg,UC7VrrgxM3EXlBWUNXkZi9MQ,@petersonhsieh8866,拍這影片不就剛好被說中不敢談PCB了😂,7 天前,0,False,0.10861494102476554,Negative
他就只敢酸樂天？遇到CPB、中信、悍創都避而不談？,h-vfSf3pT_0,UgwM4ywDvfx8nwyB2bp4AaABAg,UC_LjHXD6USUGbAzs8_bJOXQ,@ahao923,"那些不理性的留言才不是什麼政治狂熱者，稍微查一下，幾乎都是網軍、假帳號啦！

攻擊你的原因就是因為你愛棒球、愛臺灣，所以想要毀掉你，僅此而已。",7 天前,0,False,0.04576135611372456,Negative
他就只敢酸樂天？遇到CPB、中信、悍創都避而不談？,h-vfSf3pT_0,UgxnK_jo5a2xN7SqcRF4AaABAg,UCSGt_C7U0uQv4IiceVaozxA,@eikagraham7200,事實就是蓋了一座垃圾，會被炒成政治話題不就是某個姓林的拉不下臉,9 天前,0,False,0.00011368627522889696,Negative
他就只敢酸樂天？遇到CPB、中信、悍創都避而不談？,h-vfSf3pT_0,Ugz7VQ128tAHACDVIeN4AaABAg,UCq_zgdQFGtgE9SEIXi0qYrg,@暖檸檬,偏FA? FA是富邦? 富邦是什麼顏色? 哦~~~抓到了!!!!! 腦谷粉!!!,10 天前,0,False,0.00111816036547574,Negative
他就只敢酸樂天？遇到CPB、中信、悍創都避而不談？,h-vfSf3pT_0,UgwVt5SKRAUDsB7NWgd4AaABAg,UCOy9vbdnO1Movjq6gJRGrYQ,@dragons9971,過一陣子再來看這裡的留言 我感覺這裡的留言大部分跟主流民意完全不一樣 真是怪 政治歸政治 棒球歸棒球 這確實是還可以分開的 但這件事很明顯的就是中共藉棒球要搞政治搞爛台灣的棒球 連韓國YT都做影片在為台灣抱不平了 結果台灣還有人在幫中共洗地 實在不懂 時間久了 哪天台灣球員代表中國隊出賽是看的到的 一個正常的台灣人誰願意看到這種事 當然這對想統一的人是舉雙手贊成的 然後會說些屁話來合理化中共的行為 不過這當然是少數 但這影片留言比例不太對,10 天前 (已編輯),1,False,8.781492089049436e-09,Negative
他就只敢酸樂天？遇到CPB、中信、悍創都避而不談？,h-vfSf3pT_0,UgzLcV6nmZx76Tu58nd4AaABAg,UCkKFRruoh_xsQYBpcFj94wQ,@TAIWANGOGO168,"合理！yt本來就透過資方來賺錢！
就像台灣大多數的創作者，無法堅持初心原則改變初衷
只是觀眾不願意再訂閱而已😂",11 天前,1,False,0.003753117295899777,Negative
他就只敢酸樂天？遇到CPB、中信、悍創都避而不談？,h-vfSf3pT_0,Ugwey8vfT_zIUZBb7Vp4AaABAg,UC0LvUxl-PiuJkUF-H_r8TYw,@jacky5435,ptt一堆憨仔也不是現在才知道了,12 天前,1,False,0.45415793806874905,Neutral
他就只敢酸樂天？遇到CPB、中信、悍創都避而不談？,h-vfSf3pT_0,UgzXz7zmUm7nqbqZvqZ4AaABAg,UC7BQT2OX5lNVBuFndmSO7WA,@WinsonYang-fe1if,真心水..你紮紮實實的浪費了我九分半！,12 天前,1,False,0.06462173010167938,Negative
他就只敢酸樂天？遇到CPB、中信、悍創都避而不談？,h-vfSf3pT_0,UgwwuIJo9N5l-zyhGCt4AaABAg,UClab6hNdDE5GllbC1raxd_Q,@紫雲-m9p,無聊,12 天前,0,False,0.17424144850035306,Negative
他就只敢酸樂天？遇到CPB、中信、悍創都避而不談？,h-vfSf3pT_0,UgxYCkfRZXuo1ozzwdh4AaABAg,UCDuG8g3MdkZKtmo4HrGhBIQ,@daird20021,中共就是要你不碰，所以潑髒水,12 天前,0,False,0.0018223075757798357,Negative
他就只敢酸樂天？遇到CPB、中信、悍創都避而不談？,h-vfSf3pT_0,UgxkClHRXzO-tsgIFIx4AaABAg,UCZXDc5FBPXq0-GMMZi4o9dw,@user-LittleBrother,40%會是40%不是沒有道理的,12 天前,3,False,0.28742653691338527,Negative
他就只敢酸樂天？遇到CPB、中信、悍創都避而不談？,h-vfSf3pT_0,Ugx0RecxV0HR4I3D7ad4AaABAg,UCiAiu0FWBTJSW_Cay8c3CTQ,@charmingwayne,CPB本來就是純政治，中國要怎麼打棒球，我們管的了？住海邊？一堆政治狂熱者在高潮，某些無腦球迷跟著起哄。,13 天前,2,False,0.9736229439328169,Positive
他就只敢酸樂天？遇到CPB、中信、悍創都避而不談？,h-vfSf3pT_0,UgzgT9hXci3n0eAfOE14AaABAg,UC8EpH94V-Hj6f22cydEC9kQ,@will1500,完全看不出Josh是草，完全看不出來，完全,13 天前,0,False,0.7378316003402231,Positive
他就只敢酸樂天？遇到CPB、中信、悍創都避而不談？,h-vfSf3pT_0,UgxARGJBDpw0_BomKBZ4AaABAg,UC6vKUtm-BueEg3Y0VP2O8vQ,@陳寶為,"你真的好無聊
回應幹嘛
你這個真無聊",13 天前,0,False,0.004287058236870145,Negative
他就只敢酸樂天？遇到CPB、中信、悍創都避而不談？,h-vfSf3pT_0,UgztNAtQvZaujsgGVbN4AaABAg,UC0taHGPVZ0p-Z11oOMwUQMg,@ycliu226,支持你的選題材考量，水水水流量GET,13 天前,1,False,0.6759608322697482,Positive
他就只敢酸樂天？遇到CPB、中信、悍創都避而不談？,h-vfSf3pT_0,Ugw6EJp1As9dWtYq5RR4AaABAg,UCJyfYN_qswpn1Pb2aSSH46w,@shiouyuhu,"謝謝國師願意穿著樂天球衣，
兩個點值得觀察，

1.樂天集團高層抗不抗嗨？
2.樂天桃猿球隊抗不抗嗨？

樂天桃猿抗嗨應該是肯定的，畢竟真的奇蹟奪冠了！
樂天集團高層就…
大家繼續看下去😂",13 天前,1,False,1.1016142523745387e-05,Negative
他就只敢酸樂天？遇到CPB、中信、悍創都避而不談？,h-vfSf3pT_0,UgxhrJ_BIHzM6p8jCQ94AaABAg,UC2-hWjtET7XFhDWqv-xVjfw,@dd192424,可以請Josh 支持一下山寨的cpb嗎？😂,13 天前,0,False,0.2335870061590295,Negative
他就只敢酸樂天？遇到CPB、中信、悍創都避而不談？,h-vfSf3pT_0,Ugw6EJp1As9dWtYq5RR4AaABAg.APTtpvu08MkAPV2e8Lz00N,UCtqDu71a-TlmXq3p4lTXdYA,@黃同佑,樂天桃猿奪冠不是抗嗨，是糗爺神威,13 天前 (已編輯),1,True,0.010557043893860807,Negative
他就只敢酸樂天？遇到CPB、中信、悍創都避而不談？,h-vfSf3pT_0,UgzuhpsxX7hKCS8eCbJ4AaABAg,UCviwtKR5PHTTk9gcKWblXLw,@王震浤,"說實話  想要完全切割政治  是不太可能的
畢竟這裡是在台灣阿
想要做個有流量的YT  就一定會觸碰政治立場

不過我覺得JOSH與其持續切割政治
倒不如  另一個做法就是直接表明立場  把沒有政治包容力的紛絲切割掉
這也是一種方法
這樣也不用再煩惱影片內容問題",13 天前,1,False,3.775424417540307e-12,Negative
他就只敢酸樂天？遇到CPB、中信、悍創都避而不談？,h-vfSf3pT_0,UgxO_oQ2IDVjgmt2QG14AaABAg,UCmkap0MgY0BFa-aKBiNgAoQ,@hskao1983,不過Josh以為講樂天就不會牽扯上政治嗎? 🤣🤣🤣,13 天前,2,False,0.047469245665290205,Negative
他就只敢酸樂天？遇到CPB、中信、悍創都避而不談？,h-vfSf3pT_0,Ugy6UxbTN0wmexKXvNt4AaABAg,UCEENNx5S1meIVY536D7jLwg,@kaysacho4665,中共同路人😂,13 天前,1,False,0.7439130266957842,Positive
他就只敢酸樂天？遇到CPB、中信、悍創都避而不談？,h-vfSf3pT_0,UgyscD3PYWwFpejqGKB4AaABAg,UCeBm44zejR5Pu9mvl0rprDQ,@john6402j,做了影片 > 追殺，不做影片 > 偏坦 🤣🤣🤣,13 天前,1,False,0.3648904517619652,Negative
他就只敢酸樂天？遇到CPB、中信、悍創都避而不談？,h-vfSf3pT_0,UgzYCJUGkBlfcbWScF94AaABAg,UC_MVYS02OUPr_XQbZ0ws-zw,@賴清德主席,"現在中職會長是民進黨立委蔡其昌，現在風氣就是反中，大巨蛋變成蔣萬安的政績，就會讓很多青鳥眼紅。
臺灣棒球說到底就是民族主義掛帥的運動，只是某黨執政後，社會的對立激化更嚴重了。",13 天前,1,False,0.05556064999201937,Negative
他就只敢酸樂天？遇到CPB、中信、悍創都避而不談？,h-vfSf3pT_0,UgyzuVxRa2-NlzByF4t4AaABAg,UC_MVYS02OUPr_XQbZ0ws-zw,@賴清德主席,之前開箱新竹棒球場被青鳥追殺，就會比較小心了。,13 天前,1,False,0.06772074916825155,Negative
他就只敢酸樂天？遇到CPB、中信、悍創都避而不談？,h-vfSf3pT_0,Ugy_w_cQIkOHf_psEfd4AaABAg,UCXhEvA31m98XbGGjW9IMkKg,@ga030468,這集好讚 吊出一堆極端分子,13 天前,2,False,0.8197404096105175,Positive
他就只敢酸樂天？遇到CPB、中信、悍創都避而不談？,h-vfSf3pT_0,UgyUtAPE4xOKTW2e9cd4AaABAg,UCuT8l655-Kgpwvfkn17Qilw,@katusi,政治腦就該死,2 週前,2,False,0.7588100463313472,Positive
他就只敢酸樂天？遇到CPB、中信、悍創都避而不談？,h-vfSf3pT_0,UgxzfslDlmKNz6pfuCh4AaABAg,UCztFeSuf0D4dXgIX-C2z7eg,@mtk013,加油阿😂不要被政治廚影響了,2 週前,2,False,0.950160655167691,Positive
他就只敢酸樂天？遇到CPB、中信、悍創都避而不談？,h-vfSf3pT_0,UgwFD8YxeRcerduuhst4AaABAg,UCw6iymgSMsDGhaM6_BzkmtQ,@JunMin17,堅持不得罪中國相關…😂,2 週前,1,False,0.9908682657320131,Positive
他就只敢酸樂天？遇到CPB、中信、悍創都避而不談？,h-vfSf3pT_0,UgzKjIMLNn52viP6JXl4AaABAg,UCUbojuVLdJPfpBEutXTZOXA,@linkow88,太狠了 這影片真的超級水~~~~咕嚕咕嚕~~,2 週前,0,False,0.011637568884087734,Negative
他就只敢酸樂天？遇到CPB、中信、悍創都避而不談？,h-vfSf3pT_0,UgxHnHtxkaNCw-U0gUp4AaABAg,UC14Ev7LNjozV3Jf9pURMxRA,@yite33,忽然發現樂天的阿杰是先知,2 週前,1,False,0.8599289420841999,Positive
他就只敢酸樂天？遇到CPB、中信、悍創都避而不談？,h-vfSf3pT_0,UgzJXqq6XNq5L0V9bcx4AaABAg,UChdtrqj9eitzDvY4gAn_X7A,@balangehcinmia9367,白癡都知道不要臭爪迷，但還在那邊說嘴你沒有，根本此地無銀三百兩，嘻嘻😁,2 週前,1,False,0.21184986838855957,Negative
他就只敢酸樂天？遇到CPB、中信、悍創都避而不談？,h-vfSf3pT_0,UgxYZJNT6BiPNmpP6pR4AaABAg,UC6BkX0OpxcNxhIw3ClcQJEA,@Arthur-x8y2k,Josh就中共同路人,2 週前,1,False,0.8040910419256466,Positive
他就只敢酸樂天？遇到CPB、中信、悍創都避而不談？,h-vfSf3pT_0,Ugx7KaHrOGSDRpSPK4t4AaABAg,UCWLHGGOHFHEdY25-VMeC3mg,@stormtrees6940,怎麼可以酸樂天~ 孟潔這麼可愛(跑題),2 週前,0,False,0.581333541816314,Neutral
他就只敢酸樂天？遇到CPB、中信、悍創都避而不談？,h-vfSf3pT_0,UgyVG1kOgEM6GDQvgzl4AaABAg,UCAcI_u8A8wMWHuX1kO1tFhg,@cuberock999,存起來～哪天運動忘記帶水壺可以直接看這集解渴,2 週前,1,False,0.9001222421660936,Positive
他就只敢酸樂天？遇到CPB、中信、悍創都避而不談？,h-vfSf3pT_0,Ugy-vbsLHqPK3e1LVVl4AaABAg,UCMNsJ3AFgaLiMjr-ZfNAM3A,@raysin8510,退三百萬步來說好了，josh被搞這樣，只罵樂天也沒什麼毛病😅,2 週前,0,False,0.07045412499372383,Negative
他就只敢酸樂天？遇到CPB、中信、悍創都避而不談？,h-vfSf3pT_0,UgxwDhkze8GOYc6XbT94AaABAg,UCmcVdxWNwaEPsPZMQOKq3xw,@佐藤和真-r1u,"太水了
跟我們大學路上的積水量有得比",2 週前 (已編輯),0,False,0.2783761531452028,Negative
他就只敢酸樂天？遇到CPB、中信、悍創都避而不談？,h-vfSf3pT_0,UgyajHUPw-mn1oRuw5V4AaABAg,UCTbNCi9p0UBbasTbqi7Dppw,@婧B,應該說「現在很多假帳號的公司，回去看所有創作者的影片，針對影片的漏洞去攻擊」,2 週前,2,False,0.8020004995719304,Positive
他就只敢酸樂天？遇到CPB、中信、悍創都避而不談？,h-vfSf3pT_0,Ugxqbh5myCMHC2ii4Xx4AaABAg,UCAJBST78ZkfraoOgkyV_07Q,@yihorng2001,"好奇CPB哪天做起來了 又或者CPB有流量有討論今天講的這麼肯定""不碰""  改天""碰了""會不會被酸得更狠?",2 週前,0,False,0.00021708363378913909,Negative
他就只敢酸樂天？遇到CPB、中信、悍創都避而不談？,h-vfSf3pT_0,UgxO_oQ2IDVjgmt2QG14AaABAg.APTJMKV8MpRAPTJRZ8TerK,UCmkap0MgY0BFa-aKBiNgAoQ,@hskao1983,真要扯 什麼都能講成政治話題 😅😅😅,13 天前,2,True,0.08225418970374299,Negative
他就只敢酸樂天？遇到CPB、中信、悍創都避而不談？,h-vfSf3pT_0,UgwFD8YxeRcerduuhst4AaABAg.APSuKqgp0ThAPSvDKfTf2x,UC3ubAB42X_9MoWOrhuNhoxg,@GuoSima,就是有你這種政治廚josh才不敢講這種話題,2 週前,5,True,0.007229727859757729,Negative
他就只敢酸樂天？遇到CPB、中信、悍創都避而不談？,h-vfSf3pT_0,UgwFD8YxeRcerduuhst4AaABAg.APSuKqgp0ThAPTj32wFTeB,UCnXI1EgPufSILCE_Z1IlRbQ,@RyanHero509,政治腦退散,13 天前,0,True,0.6722938477457463,Positive
他就只敢酸樂天？遇到CPB、中信、悍創都避而不談？,h-vfSf3pT_0,UgwFD8YxeRcerduuhst4AaABAg.APSuKqgp0ThAPaNOFd0kdR,UCQr5fDDsdqaMzyCPwgKo3hw,@98520, @RyanHero509 笑死請問是誰要搞政治,10 天前,0,True,0.34056372857962247,Negative
他就只敢酸樂天？遇到CPB、中信、悍創都避而不談？,h-vfSf3pT_0,UgxYZJNT6BiPNmpP6pR4AaABAg.APShzKRMnRvAPSvPa8FtE9,UC3ubAB42X_9MoWOrhuNhoxg,@GuoSima,好了啦 只會貼標籤 有夠可悲,2 週前,3,True,0.3116946522040277,Negative
他就只敢酸樂天？遇到CPB、中信、悍創都避而不談？,h-vfSf3pT_0,UgxYZJNT6BiPNmpP6pR4AaABAg.APShzKRMnRvAPTjEjhdEoo,UCnXI1EgPufSILCE_Z1IlRbQ,@RyanHero509,嘴不過Josh就開始抹黑Josh是中共同路人真的是可悲又可笑😂😂😂,13 天前,3,True,0.19714768677237626,Negative
他就只敢酸樂天？遇到CPB、中信、悍創都避而不談？,h-vfSf3pT_0,UgxYZJNT6BiPNmpP6pR4AaABAg.APShzKRMnRvAPVL0QgoGBZ,UC6BkX0OpxcNxhIw3ClcQJEA,@Arthur-x8y2k, @GuoSima 小心台灣會被賣掉,13 天前,0,True,0.08476186515953488,Negative
他就只敢酸樂天？遇到CPB、中信、悍創都避而不談？,h-vfSf3pT_0,UgxYZJNT6BiPNmpP6pR4AaABAg.APShzKRMnRvAPVMy_yD3UU,UC3ubAB42X_9MoWOrhuNhoxg,@GuoSima,​ @Arthur-x8y2k 有你這種人在就真的會被賣掉,13 天前,0,True,0.08399552915551911,Negative
他就只敢酸樂天？遇到CPB、中信、悍創都避而不談？,h-vfSf3pT_0,UgwP7Xf7I8qgFzKKqbd4AaABAg,UC-xr3y1hrV9b5ufqomrY0xA,@ddejavu2248,本房屋由樂天贊助提供,2 週前,1,False,0.1560057895204765,Negative
他就只敢酸樂天？遇到CPB、中信、悍創都避而不談？,h-vfSf3pT_0,Ugz-YoXnvLNVDB3eQHd4AaABAg,UC1P8CBeEn2Wmo1IR3M5oseA,@hochengyuan,那些酸民真的不爽的話，為啥不自己做影片就好,2 週前,0,False,0.8585052050621798,Positive
他就只敢酸樂天？遇到CPB、中信、悍創都避而不談？,h-vfSf3pT_0,Ugx-QXC1A4ZE83uV1YF4AaABAg,UCrFg9_SXfZ-eIn9J1DSq4hg,@gameking369,"就事論事的角度 VS  只想要吵著要講甚麼，沒有就是XXX的態度
看看留言區，大部分人還是理性的",2 週前,1,False,0.7308379558845818,Positive
他就只敢酸樂天？遇到CPB、中信、悍創都避而不談？,h-vfSf3pT_0,Ugx5EB7OF0mWJO1a2Yl4AaABAg,UCKztAoPj6R_jZbdKOq3WgEQ,@第五惊鸿,“中共同路人”這詞將是台灣近代政治史中，最濃烈的一筆，可以套用在任何看不順眼的人身上，十分好用，而且一定有許多人贊同，只要抹上去，你人就只能被迫被扣一個大帽子了,2 週前 (已編輯),3,False,0.8678681350036989,Positive
他就只敢酸樂天？遇到CPB、中信、悍創都避而不談？,h-vfSf3pT_0,UgyzdSPnksszwKV4QNp4AaABAg,UC1e6AhRgvRenqLIu_WQHwbQ,@UK.Zander,"每一次任何一隊發生大問題的時候，國師只要拍片，就會被酸只敢酸這隊
重點是當下焦點就是出問題的那一隊😂😂
其他隊又沒出現問題
除非6隊都出問題，然後都針對某一球隊才是偏袒吧😂",2 週前 (已編輯),0,False,1.098002196164849e-06,Negative
他就只敢酸樂天？遇到CPB、中信、悍創都避而不談？,h-vfSf3pT_0,Ugyqmwi6UrmHApJzm-V4AaABAg,UCajOf_-G-ZJOG9bJv-ITE-A,@a0933879446,很少看到把風險評估用到極致的YT🎉🎉，再講下去我都趕相信你有一張RPN的表再評估各影片的風險了！！,2 週前,0,False,0.08320709269327242,Negative
他就只敢酸樂天？遇到CPB、中信、悍創都避而不談？,h-vfSf3pT_0,UgwzI2ppWBBkT29k9qt4AaABAg,UCYFmLK86Np5Ynilz98IOaJA,@zoo0602,挖挖挖到現在挖不出什麼還要花錢復原真是...,2 週前,0,False,0.8799605294543213,Positive
他就只敢酸樂天？遇到CPB、中信、悍創都避而不談？,h-vfSf3pT_0,UgwpbEfzE4-qtDEMlpp4AaABAg,UCgzjksxo0HNA76KHXihCzqA,@kuan9116,真的有可能避免政治議題嗎???,2 週前,1,False,0.019318383313321252,Negative
他就只敢酸樂天？遇到CPB、中信、悍創都避而不談？,h-vfSf3pT_0,UgzY6-KoDvWmSxQG53Z4AaABAg,UC0UVkFGQYaWPTYa0FGyH9SA,@無敵小豬,"個人選擇
怕麻煩或者得罪不起
人之常情
小蝦米對抗大鯨魚這個是幹話
每個人有自己立場跟考量
心裡有自己的底線就好
你無法阻止別人犯錯，至少自己別犯就好

這個議題
個人想法
大陸狗擺明占你便宜
沒什麼不能講的
就算上升到政治議題
支持自己國家會被炎上
那炎上的不是大陸腦殘網軍就是台灣傻鯛
真的無所謂 😆

至於網路上大陸球隊背後老闆是誰
目前只有一個有相關資料佐證的確是悍創
悍創的爛，懂都懂
頂新跟中信部分還需要確認
如果只是單純贊助商，我覺得無可厚非
畢竟做生意，總是會碰到
但如果是球隊老闆 ~ 真的蠻噁心的",2 週前,0,False,1.418225537008766e-10,Negative
他就只敢酸樂天？遇到CPB、中信、悍創都避而不談？,h-vfSf3pT_0,UgxYMSL8yhjItr9T4NJ4AaABAg,UCp0BFssBINXtVl4_DwI_Whg,@kotzzeppeli7528,"我只會說 你不願政治談政治
政治就會來找你
就比如 一個城市能有多少球場，聯盟可以有多少隊伍，這也是政治呀，又比如 OT時間，和光害，噪音，飛球等政策。這全部都是政治，你避不了的
不如勇敢面對，用你有名人的身份去盡一份力，指出應該做的事情",2 週前 (已編輯),0,False,0.4241132510446106,Neutral
他就只敢酸樂天？遇到CPB、中信、悍創都避而不談？,h-vfSf3pT_0,Ugx2__HWUe6cR87N67V4AaABAg,UCEUtqq7KVVN6PYtpBvsWLAA,@文樂-r1j,好爽喔，臺灣職棒終於要下去了。,2 週前,0,False,0.13300721934507853,Negative
他就只敢酸樂天？遇到CPB、中信、悍創都避而不談？,h-vfSf3pT_0,Ugz8gmCBeR1yqWe_TXh4AaABAg,UCSZfXKUXfaaylXw812-usuQ,@茶葉-x8j,1:23 新竹棒球場直接被嗨掉,2 週前,0,False,0.08908498459176117,Negative
他就只敢酸樂天？遇到CPB、中信、悍創都避而不談？,h-vfSf3pT_0,Ugyif7iPLlvuGofnTp54AaABAg,UCozZQft_Gc4Tzwg6rRMueJg,@BioJz,你知道我綠色夥伴的恐怖了吧！,2 週前,8,False,0.2965846654994764,Negative
他就只敢酸樂天？遇到CPB、中信、悍創都避而不談？,h-vfSf3pT_0,UgzIrmjrFpyGkypUK854AaABAg,UC3QE3gf_fSMzT4DTPWKEFzg,@EASTSPEED9003,上海兄弟還是上海姊妹也沒什麼好講的...反正目前都會被本尊打爆，對岸的棒球還要加油好幾年...,2 週前,0,False,0.00029071154743931515,Negative
他就只敢酸樂天？遇到CPB、中信、悍創都避而不談？,h-vfSf3pT_0,Ugy7wiJlbhzZt_EpZR14AaABAg,UCykoiatXfFVcVdPDNzWE4cw,@哆啦A夢-c3v,"棒球本來就跟政治息息相關，咱棒球迷不理政治只是當時想選個年輕市長而已，沒想到她居然變成的挖土姬，可以沒收新竹棒球場，導致逼走球團。
"" 阻礙驗收、破壞現場、拒絕配合司法鑑定 ""，這些可不是我造謠的，這是最新的法院判決書寫得。",2 週前,1,False,0.010845648751239612,Negative
他就只敢酸樂天？遇到CPB、中信、悍創都避而不談？,h-vfSf3pT_0,Ugxpw_uhFZQEF6Wi7E94AaABAg,UCDfGVu3KC7Dks0q4xvnloFQ,@jeremy6090,本来看着好像快凉了的样子，还是要感谢对岸的兄弟宣传😅。说个数字吧，社媒上cpb的订阅才228个，而作为对比中超的订阅数是620万😂,2 週前 (已編輯),0,False,0.9732651280004674,Positive
他就只敢酸樂天？遇到CPB、中信、悍創都避而不談？,h-vfSf3pT_0,Ugzmi4cRtnexNBWZ3h94AaABAg,UC6Ksq6tYSGxucyQPGM1BLpw,@itinglu2305,josh，加油,2 週前,0,False,0.8953191672196191,Positive
他就只敢酸樂天？遇到CPB、中信、悍創都避而不談？,h-vfSf3pT_0,Ugx2EZYdoCLKVdeA3uR4AaABAg,UCG6r7vHfDOcsk0Pm2o-d2pA,@alanlai8202,青鳥滿地爬,2 週前,0,False,0.21081671269770041,Negative
他就只敢酸樂天？遇到CPB、中信、悍創都避而不談？,h-vfSf3pT_0,Ugw4B0A1sqZJN-cabDx4AaABAg,UCd8hT4bhMwRKHEPi3KDe0RQ,@ashow_1113,能賺到錢就很厲害 好羨慕 加油,2 週前,0,False,0.8209365636296583,Positive
他就只敢酸樂天？遇到CPB、中信、悍創都避而不談？,h-vfSf3pT_0,Ugy3bCzOqsE8I94MqNN4AaABAg,UCaom1XlXMV9UVXipi_7hEwA,@mumu5145,其實啊..你大可以將那些有高見的人將他的留言置頂.這樣我們也可以好好拜見他的偉見,2 週前,0,False,0.0003329073569764418,Negative
他就只敢酸樂天？遇到CPB、中信、悍創都避而不談？,h-vfSf3pT_0,Ugz-YoXnvLNVDB3eQHd4AaABAg.APSBGgdvdPQAPSDE7brI1h,UCeZTHKmh_MBHmrYGprNhBTA,@hojoe6854,因為做了也沒人看 可悲,2 週前,3,True,0.6641685899556103,Positive
他就只敢酸樂天？遇到CPB、中信、悍創都避而不談？,h-vfSf3pT_0,Ugz-YoXnvLNVDB3eQHd4AaABAg.APSBGgdvdPQAPSRjwcy1dF,UCWIWg-5SSMQFRgl7N_L0pnQ,@ken880304,他們只有嘴巴厲害而已,2 週前,3,True,0.7482367298474706,Positive
他就只敢酸樂天？遇到CPB、中信、悍創都避而不談？,h-vfSf3pT_0,UgwpbEfzE4-qtDEMlpp4AaABAg.APRrT2_Z8EUAPS1OzX3oOy,UCSWQvRT9_P-jxaQXqzITjlg,@LLL-tc5ft,"在這小島很難啊
因為你在怎麼避免都會有某些政治狂熱者對你潑髒水、各種獵巫就是要逼你表態
不說話被抹屎、說兩句話也會想辦法帶風向抹黑
想避都難",2 週前,4,True,1.449559582145099e-06,Negative
他就只敢酸樂天？遇到CPB、中信、悍創都避而不談？,h-vfSf3pT_0,UgwpbEfzE4-qtDEMlpp4AaABAg.APRrT2_Z8EUAPS6BaUoW9u,UCgzjksxo0HNA76KHXihCzqA,@kuan9116,⁠ @LLL-tc5ft 我也這樣覺得,2 週前,0,True,0.029069879379031716,Negative
他就只敢酸樂天？遇到CPB、中信、悍創都避而不談？,h-vfSf3pT_0,Ugxpw_uhFZQEF6Wi7E94AaABAg.APR2hPR3c57APYq4RBIpZN,UC4xK0wpA5AU03xAG2DnTyHg,@henry30327,說實話還蠻多的，我還以為你們比較關心足球跟籃球，尤其是最近還有個新希望,11 天前,0,True,0.003344423170707045,Negative
他就只敢酸樂天？遇到CPB、中信、悍創都避而不談？,h-vfSf3pT_0,Ugwy3uH_0Y5Lqy3JOwN4AaABAg,UCgzfdchghZRDIwZxWNom4hw,@danielchen5506,果然又被水一集，CPB未來如何不確定，但對方什麼方法都用，那怕你認為是體育，一定都帶有政治目地，台灣職棒這幾年才有所進步，要好好經營,2 週前,1,False,0.7985223824155192,Positive
他就只敢酸樂天？遇到CPB、中信、悍創都避而不談？,h-vfSf3pT_0,Ugzg01JjUHtJmlamn9R4AaABAg,UCr9c67GBxiAwGhZQOPcId1w,@輸入你的頻道,跟台灣人講邏輯，他聽到的是情緒,2 週前,1,False,0.7642834535191064,Positive
他就只敢酸樂天？遇到CPB、中信、悍創都避而不談？,h-vfSf3pT_0,UgwJpMzZNm3RFK3hnyd4AaABAg,UCQeDF7BCKhEMkMwPQmf6gBw,@dietrichsu,我還記得我有在你的直播裡面講到，只要有關政治能不碰就不碰，還被你剪成片段，就不知道到底為什麼非得要講不可,2 週前,1,False,0.12050456883049598,Negative
他就只敢酸樂天？遇到CPB、中信、悍創都避而不談？,h-vfSf3pT_0,Ugw_wHPLOC161M7C3NV4AaABAg,UCYe0JZ4lEajxCsmkhC9LRIw,@Uraura_1996,一堆無腦青鳥到處地圖砲，看了就討厭,2 週前,1,False,0.41128264572609574,Neutral
他就只敢酸樂天？遇到CPB、中信、悍創都避而不談？,h-vfSf3pT_0,UgyvFsarNJzr2r7BSe14AaABAg,UCZaACpSjTnCXtbNkxihxevg,@陳俊偉-v5v,給這片一萬個讚,2 週前,0,False,0.055981623932923164,Negative
他就只敢酸樂天？遇到CPB、中信、悍創都避而不談？,h-vfSf3pT_0,Ugxn5XvD8VbFrZU1I494AaABAg,UCUwIXuPKtdl7I4Wp27SgEdQ,@gonhunter99,穿樂天球衣😢,2 週前,0,False,0.19333574600010428,Negative
他就只敢酸樂天？遇到CPB、中信、悍創都避而不談？,h-vfSf3pT_0,UgzM_UPSVOp7FzD46kp4AaABAg,UCVmncwaVN9IrTNzXWvxp5tQ,@Dean97124,其實我是覺得避免政治，也不算很健康的想法就是了，頂多算一種說法，你覺得對的就對，錯的就錯，被罵就被罵，原因在於棒球在台灣本來就不太算純商業運動賽事，跟政治本來就深度綁定的，沒可能跟政治無關，不靠任何稅金補助，學校單位配合來培養選手這些，而且做YT想要不被燒其實是很奇怪的想法，但啦啦隊的興起倒是純粹的商業策略抬頭。,2 週前,1,False,0.8808660315231871,Positive
他就只敢酸樂天？遇到CPB、中信、悍創都避而不談？,h-vfSf3pT_0,UgxVPtuaHJgqAdWVvmN4AaABAg,UCE1Uu8GbiiDsKQCQ-3gBMEw,@斯威克可愛的麻糬,造謠靠張嘴，闢謠跑斷腿==,2 週前,0,False,0.907763274027138,Positive
他就只敢酸樂天？遇到CPB、中信、悍創都避而不談？,h-vfSf3pT_0,UgxOKkSXqho0zkJwy6h4AaABAg,UCYvscIw70pRO7ZW15Q8vQww,@guotofu,豪喔 水了一集 笑死,2 週前,0,False,0.21873127326435116,Negative
他就只敢酸樂天？遇到CPB、中信、悍創都避而不談？,h-vfSf3pT_0,UgxQoebLj61Q76l_zkJ4AaABAg,UCA6dCI-fFihofgZXNZfIMtQ,@momochen3021,會說你中共同路人的一定都青鳥啊，這些人最會潑髒水了,2 週前,6,False,0.006003373580764748,Negative
他就只敢酸樂天？遇到CPB、中信、悍創都避而不談？,h-vfSf3pT_0,Ugxy4q6odLT_pS8B3Gd4AaABAg,UCy1dRiiOogUd_zhcjNM9KCw,@a0912296744,"真的是不談CBP 卻用CBP水的影片欸🤣
麥鬧啊 正經點🤣",2 週前,0,False,0.024671777515738902,Negative
他就只敢酸樂天？遇到CPB、中信、悍創都避而不談？,h-vfSf3pT_0,UgzavSSj1jgKC1dCys54AaABAg,UCR32GyO6PpSzrcMbDgAIKYg,@Hsueh凱,"那些政治廚就只想把人貼標籤貼顏色，
如果和自己相同就逼著別人聽他說話，和自己不同就急了！
馬上急著想造謠抹黑聲討別人，完全不想和相反意見的人討論，
通常也沒什麼邏輯討論就是了我想。
所以你們(代)黨主席給了你們女朋友和房子了嗎🤔？",2 週前 (已編輯),0,False,3.8609547939882916e-06,Negative
他就只敢酸樂天？遇到CPB、中信、悍創都避而不談？,h-vfSf3pT_0,Ugxp5RAkzm1WNIncBQN4AaABAg,UCcYbq_RDIrivipfKdQsbNIg,@marklai264,大家可以看一下長沙旺旺黑皮隊的文，根本是統戰文,2 週前,1,False,0.358235494153343,Negative
他就只敢酸樂天？遇到CPB、中信、悍創都避而不談？,h-vfSf3pT_0,UgyHQWwnKpPKE3y0kUd4AaABAg,UCIpLPMRb1dbk-_WEEpHiAAA,@binladan911,不分陣營，極端政治魔人真的很容易高潮，不然就是代替別人高潮，我忘記在哪個頻道看過，只要明顯的表達政治立場，就會被反對者圍剿，失去代言、失去廠商贊助之類的，實在是很無奈。,2 週前,3,False,0.9748698390176855,Positive
他就只敢酸樂天？遇到CPB、中信、悍創都避而不談？,h-vfSf3pT_0,UgwWQ_McKYDMXk4doyR4AaABAg,UCG_1yRMy_5GC42KowByk3Pg,@dennislin6228,我也知道這幾年多了很多政治狂熱份子  但是我認為在怎麼狂熱還是要有判斷事情的真假能力吧 不用老是有議題就談論政治  而且球場這麼乾淨的環境為什麼還要分台派還是不台派的的球迷 難道不同派就不能一起支持一隻球隊嗎？,2 週前 (已編輯),1,False,0.09110859645821345,Negative
他就只敢酸樂天？遇到CPB、中信、悍創都避而不談？,h-vfSf3pT_0,UgyA9YhrZ3-5CZApG7l4AaABAg,UCwu1rdLPPtOLTVWQ784WFQA,@bryantwang6985,在我看來，你還是當初那個收到大聯盟春訓邀約然後自費飛去美國，看到中職沒有進階數據參考自己蒐集數據然後製作進階數據的那個棒球人,2 週前 (已編輯),0,False,0.2855224296646689,Negative
他就只敢酸樂天？遇到CPB、中信、悍創都避而不談？,h-vfSf3pT_0,UgyNi1fi3pNwlKZRqkN4AaABAg,UCTgCX1jARA4CeWKuz2rT-AA,@陳建宏-u6w,真的好水喔.,2 週前,0,False,0.18230069861135467,Negative
他就只敢酸樂天？遇到CPB、中信、悍創都避而不談？,h-vfSf3pT_0,UgzNXO9eQbW8IJ1sWal4AaABAg,UCEVMc7BEIlq6LXu5NsxKVAA,@yakultgyoza,又是對於房貸有幫助一部片🤣,2 週前,0,False,0.4319686978398509,Neutral
他就只敢酸樂天？遇到CPB、中信、悍創都避而不談？,h-vfSf3pT_0,UgxuHRgEM2HnIunc15d4AaABAg,UCG-6Svhl1KTPtPvI_QcAOmw,@LasaShow01,每次看那些沒邏輯的人吵架，來看Josh邏輯思考打回去就沒問題了,2 週前,1,False,0.19270148928476327,Negative
他就只敢酸樂天？遇到CPB、中信、悍創都避而不談？,h-vfSf3pT_0,Ugzo1_lhAohOqGPV7GF4AaABAg,UCDApho2VdgqatqyaYFg-mqw,@chihiwang4670,不講政治的，通常是小草,2 週前,2,False,0.9546502750293623,Positive
他就只敢酸樂天？遇到CPB、中信、悍創都避而不談？,h-vfSf3pT_0,UgxQoebLj61Q76l_zkJ4AaABAg.APQg8E_Ng1oAPR87owI3m7,UCykoiatXfFVcVdPDNzWE4cw,@哆啦A夢-c3v,明明就是蔥草最會包牌了，雞鴨舊司法已死，交保就法官英明,2 週前,2,True,0.5607990989803255,Neutral
他就只敢酸樂天？遇到CPB、中信、悍創都避而不談？,h-vfSf3pT_0,UgwjwDVuM7PtSH0eTQ94AaABAg,UCgB-j1_Tri38h8Z18Ns91CA,@Micheal_Lin777,房貸還完真的要頒一個惠我良多的匾額給某些人😂,2 週前,0,False,0.2234279590131949,Negative
他就只敢酸樂天？遇到CPB、中信、悍創都避而不談？,h-vfSf3pT_0,Ugz0zlRxUa-LM3ImVzd4AaABAg,UCfZFIgEuChb3_eDIIR5IGRQ,@abc199551315,"政治真的好噁，看到政治言論就想吐
不是黑就是白，我說對就是對，完全就只是想吵架",2 週前,0,False,0.30313551817818163,Negative
他就只敢酸樂天？遇到CPB、中信、悍創都避而不談？,h-vfSf3pT_0,Ugzg4ieXGjuw4-9fuTx4AaABAg,UCqVNdbnkRx4UdW50u5OrBgw,@qwertyuiop06364,阿你大聯盟拍30個球場,2 週前,0,False,0.29502212764658287,Negative
他就只敢酸樂天？遇到CPB、中信、悍創都避而不談？,h-vfSf3pT_0,UgzAqKMmczxkn5KpMoZ4AaABAg,UCG1xZAKKrkXujtUgiXEL2rA,@xpekev,其实不论是微博还是抖音，MLB讨论群还是npb讨论群，cpb一点话题性都没有，可以说是无人在意😂硬要说可能对中职有影响的也只会是“那件事”的后续可能性罢了，cpb在“那件事”发生前怎么可能像你们说的那样毁灭中职啊😂,2 週前,1,False,0.6591071669636276,Positive
他就只敢酸樂天？遇到CPB、中信、悍創都避而不談？,h-vfSf3pT_0,UgwINkMT6jDDNXGF77h4AaABAg,UC0n1lvOa2Zsf-WZMW9XXJhg,@lookjason,對於政治表態你輸蔡阿嘎太多了，挺自己國家棒球沒什麼政治問題，你不想碰只是怕被貼標籤，但也沒那麼高尚啦！畢竟你就是一般人而已。,2 週前,0,False,2.778293282834632e-05,Negative
